Brand,Car Model,Car Name,Car Variant,Car Transmission,KM driven,Owner Type,Fuel Type,Registration ID,Monthly EMI,Car Price,Downpayment Amount,Location
Maruti,2017,Ertiga VXI CNG,Ertiga VXI CNG,Manual,"72,571 km",1st owner,CNG,MH47-W2566,"₹15,073/month",₹7.71 Lakh,On Zero down payment,"Goregaon, Mumbai"
Hyundai,2017,Creta E PLUS 1.6 PETROL,Creta E PLUS 1.6 PETROL,Manual,"39,827 km",1st owner,Petrol,MH02-EP0091,"₹14,936/month",₹7.64 Lakh,On Zero down payment,"Goregaon, Mumbai"
Hyundai,2019,Elite i20 SPORTZ PLUS 1.2 CVT,Elite i20 SPORTZ PLUS 1.2 CVT,Automatic,"35,902 km",1st owner,Petrol,MH01-DE8757,"₹13,470/month",₹6.89 Lakh,On Zero down payment,"Goregaon, Mumbai"
Maruti,2015,Wagon R 1.0 VXI,Wagon R 1.0 VXI,Manual,"28,048 km",2nd owner,Petrol,MH46-AP2863,"₹6,452/month",₹3.3 Lakh,On Zero down payment,"Goregaon, Mumbai"
Maruti,2018,Swift VXI AMT,Swift VXI AMT,Automatic,"41,110 km",1st owner,Petrol,MH01-DB4479,"₹10,792/month",₹5.52 Lakh,On Zero down payment,"Mulund West, Mumbai"
Maruti,2014,Alto 800 LXI,Alto 800 LXI,Manual,"87,564 km",1st owner,Petrol,MH46-Z6737,"₹4,560/month",₹2.05 Lakh,On Zero down payment,"Mulund West, Mumbai"
Nissan,2022,MAGNITE XV PREMIUM TURBO CVT,MAGNITE XV PREMIUM TURBO CVT,Automatic,"3,955 km",1st owner,Petrol,MH02-FU8367,"₹17,359/month",₹9.12 Lakh,On Zero down payment,"Goregaon, Mumbai"
Renault,2019,TRIBER RXL MT,TRIBER RXL MT,Manual,"21,917 km",1st owner,Petrol,MH01-DK2607,"₹9,501/month",₹4.86 Lakh,On Zero down payment,"Goregaon, Mumbai"
Hyundai,2019,VENUE S 1.2,VENUE S 1.2,Manual,"5,114 km",1st owner,Petrol,MH47-AN4114,"₹13,998/month",₹7.16 Lakh,On Zero down payment,"Goregaon, Mumbai"
Maruti,2017,Celerio ZXI,Celerio ZXI,Manual,"27,882 km",1st owner,Petrol,MH47-W0326,"₹8,192/month",₹4.19 Lakh,On Zero down payment,"Goregaon, Mumbai"
Hyundai,2013,Verna FLUIDIC 1.6 VTVT SX,Verna FLUIDIC 1.6 VTVT SX,Manual,"65,914 km",2nd owner,Petrol,MH02-CV8593,"₹9,875/month",₹3.75 Lakh,On Zero down payment,"Goregaon, Mumbai"
Hyundai,2016,Creta SX PLUS 1.6 PETROL,Creta SX PLUS 1.6 PETROL,Manual,"31,391 km",1st owner,Petrol,MH01-CD6438,"₹14,780/month",₹7.56 Lakh,On Zero down payment,Seawood
Tata,2020,NEXON XM SUNROOF PETROL,NEXON XM SUNROOF PETROL,Manual,"26,615 km",1st owner,Petrol,MH47-AU6947,"₹15,093/month",₹7.72 Lakh,On Zero down payment,Seawood
Maruti,2019,S PRESSO VXI+,S PRESSO VXI+,Manual,"11,141 km",1st owner,Petrol,MH02-FJ2158,"₹8,094/month",₹4.14 Lakh,On Zero down payment,"Mulund West, Mumbai"
Maruti,2017,Dzire ZDI AMT,Dzire ZDI AMT,Manual,"69,399 km",1st owner,Diesel,MH02-EP1950,"₹11,965/month",₹6.12 Lakh,On Zero down payment,Seawood
Maruti,2014,Ertiga VXI,Ertiga VXI,Manual,"65,000 km",2nd owner,Petrol,MH04-GJ6726,"₹11,901/month",₹5.35 Lakh,On Zero down payment,"Goregaon, Mumbai"
Skoda,2018,Rapid STYLE 1.6 MPI,Rapid STYLE 1.6 MPI,Manual,"59,417 km",1st owner,Petrol,MH01-DB7576,"₹14,193/month",₹7.26 Lakh,On Zero down payment,"Mulund West, Mumbai"
Honda,2019,City 1.5L I-VTEC SV,City 1.5L I-VTEC SV,Manual,"28,051 km",1st owner,Petrol,MH05-EA3698,"₹15,308/month",₹7.83 Lakh,On Zero down payment,"Goregaon, Mumbai"
Hyundai,2021,NEW I20 ASTA 1.2 AT,NEW I20 ASTA 1.2 AT,Automatic,"13,753 km",1st owner,Petrol,MH02-FN4035,"₹16,369/month",₹8.6 Lakh,On Zero down payment,"Mulund West, Mumbai"
Tata,2018,TIGOR XZ PETROL,TIGOR XZ PETROL,Manual,"45,641 km",1st owner,Petrol,MH04-JM2876,"₹9,404/month",₹4.81 Lakh,On Zero down payment,"Goregaon, Mumbai"
Datsun,2018,Redi Go S 1.0 AMT,Redi Go S 1.0 AMT,Automatic,"51,310 km",1st owner,Petrol,MH12-QM5153,"₹5,572/month",₹2.85 Lakh,On Zero down payment,"Goregaon, Mumbai"
Volkswagen,2015,Polo GT TSI AT,Polo GT TSI AT,Automatic,"70,096 km",2nd owner,Petrol,MH03-BW9246,"₹10,772/month",₹5.51 Lakh,On Zero down payment,"Mulund West, Mumbai"
Maruti,2014,Wagon R 1.0 LXI CNG,Wagon R 1.0 LXI CNG,Manual,"94,053 km",2nd owner,CNG,MH03-BS9094,"₹10,197/month",₹3.07 Lakh,On Zero down payment,"Goregaon, Mumbai"
Tata,2021,NEXON XZ PLUS PETROL,NEXON XZ PLUS PETROL,Manual,"20,056 km",1st owner,Petrol,MH43-BY4064,"₹15,874/month",₹8.34 Lakh,On Zero down payment,"Mulund West, Mumbai"
Volkswagen,2021,TAIGUN HIGHLINE 1.0 TSI AT,TAIGUN HIGHLINE 1.0 TSI AT,Automatic,"28,153 km",2nd owner,Petrol,MH14-JU5753,"₹22,498/month",₹11.82 Lakh,On Zero down payment,"Goregaon, Mumbai"
Volkswagen,2023,VIRTUS GT PLUS TSI 1.5 EVO DSG,VIRTUS GT PLUS TSI 1.5 EVO DSG,Automatic,"8,966 km",1st owner,Petrol,MH01-EF2856,"₹33,652/month",₹17.68 Lakh,On Zero down payment,Seawood
Maruti,2017,Dzire VXI,Dzire VXI,Manual,"36,501 km",1st owner,Petrol,MH05-DH4667,"₹9,853/month",₹5.04 Lakh,On Zero down payment,"Goregaon, Mumbai"
Hyundai,2021,VENUE SX 1.0 TURBO IMT,VENUE SX 1.0 TURBO IMT,Manual,"13,756 km",1st owner,Petrol,MH05-EQ8433,"₹18,743/month",₹9.85 Lakh,On Zero down payment,"Mulund West, Mumbai"
Hyundai,2014,Xcent S 1.2,Xcent S 1.2,Manual,"95,827 km",2nd owner,Petrol,MH04-GM2201,"₹8,319/month",₹3.74 Lakh,On Zero down payment,"Mulund West, Mumbai"
Maruti,2013,Swift VXI,Swift VXI,Manual,"55,952 km",1st owner,Petrol,MH04-GJ1996,"₹9,322/month",₹3.54 Lakh,On Zero down payment,"Mulund West, Mumbai"
Maruti,2014,Wagon R 1.0 LXI,Wagon R 1.0 LXI,Manual,"67,447 km",1st owner,Petrol,MH03-BS8734,"₹6,740/month",₹3.03 Lakh,On Zero down payment,"Mulund West, Mumbai"
Volkswagen,2019,Ameo COMFORTLINE 1.0L,Ameo COMFORTLINE 1.0L,Manual,"34,651 km",2nd owner,Petrol,MH05-EA3696,"₹11,183/month",₹5.72 Lakh,On Zero down payment,Seawood
Honda,2018,WR-V 1.2L I-VTEC VX MT,WR-V 1.2L I-VTEC VX MT,Manual,"22,652 km",1st owner,Petrol,MH02-EZ4913,"₹14,213/month",₹7.27 Lakh,On Zero down payment,"Mulund West, Mumbai"
Ford,2016,Ecosport TITANIUM 1.5L PETROL,Ecosport TITANIUM 1.5L PETROL,Manual,"56,500 km",2nd owner,Petrol,MH47-K6601,"₹9,716/month",₹4.97 Lakh,On Zero down payment,"Mulund West, Mumbai"
Maruti,2015,Wagon R 1.0 VXI,Wagon R 1.0 VXI,Manual,"40,716 km",1st owner,Petrol,MH47-A5041,"₹6,647/month",₹3.4 Lakh,On Zero down payment,"Mulund West, Mumbai"
Hyundai,2016,Creta SX PLUS 1.6 DIESEL,Creta SX PLUS 1.6 DIESEL,Manual,"77,586 km",1st owner,Diesel,MH01-CH6643,"₹15,227/month",₹8 Lakh,On Zero down payment,"Goregaon, Mumbai"
Mahindra,2017,XUV500 W10 AT,XUV500 W10 AT,Automatic,"57,449 km",1st owner,Diesel,MH02-EU0898,"₹22,346/month",₹11.74 Lakh,On Zero down payment,"Mulund West, Mumbai"
Honda,2020,WR-V 1.2L I-VTEC VX MT,WR-V 1.2L I-VTEC VX MT,Manual,"42,897 km",1st owner,Petrol,MH31-FR1686,"₹15,230/month",₹7.79 Lakh,On Zero down payment,"Mulund West, Mumbai"
Maruti,2014,Swift Dzire ZDI,Swift Dzire ZDI,Manual,"11,144 km",1st owner,Diesel,MH05-CM9865,"₹16,143/month",₹6.13 Lakh,On Zero down payment,"Goregaon, Mumbai"
Honda,2019,WR-V 1.2L I-VTEC S MT,WR-V 1.2L I-VTEC S MT,Manual,"14,144 km",1st owner,Petrol,MH03-DA7141,"₹12,923/month",₹6.61 Lakh,On Zero down payment,"Mulund West, Mumbai"
Honda,2017,City 1.5L I-VTEC ZX CVT,City 1.5L I-VTEC ZX CVT,Automatic,"33,613 km",1st owner,Petrol,MH43-BK1659,"₹15,722/month",₹8.26 Lakh,On Zero down payment,"Mulund West, Mumbai"
Honda,2018,City 1.5L I-VTEC V MT,City 1.5L I-VTEC V MT,Manual,"93,703 km",2nd owner,Petrol,MH01-DB0756,"₹13,763/month",₹7.04 Lakh,On Zero down payment,"Goregaon, Mumbai"
KIA,2020,SELTOS GTX PLUS DCT 1.4 PETROL,SELTOS GTX PLUS DCT 1.4 PETROL,Automatic,"65,200 km",1st owner,Petrol,MH01-DK7925,"₹26,534/month",₹13.94 Lakh,On Zero down payment,"Mulund West, Mumbai"
Honda,2018,WR-V 1.2L I-VTEC VX MT,WR-V 1.2L I-VTEC VX MT,Manual,"59,897 km",1st owner,Petrol,MH43-BN0720,"₹13,900/month",₹7.11 Lakh,On Zero down payment,"Goregaon, Mumbai"
Hyundai,2016,Creta SX PLUS AT 1.6 PETROL,Creta SX PLUS AT 1.6 PETROL,Automatic,"83,626 km",1st owner,Petrol,MH02-EE8694,"₹16,255/month",₹8.54 Lakh,On Zero down payment,"Goregaon, Mumbai"
Hyundai,2014,Xcent S (O) 1.2,Xcent S (O) 1.2,Manual,"34,833 km",1st owner,Petrol,MH46-Z9310,"₹8,942/month",₹4.02 Lakh,On Zero down payment,"Goregaon, Mumbai"
Maruti,2016,Baleno ZETA PETROL 1.2,Baleno ZETA PETROL 1.2,Manual,"46,564 km",1st owner,Petrol,MH48-AK7889,"₹9,971/month",₹5.1 Lakh,On Zero down payment,"Mulund West, Mumbai"
Maruti,2021,New Wagon-R LXI CNG (O) 1.0,New Wagon-R LXI CNG (O) 1.0,Manual,"36,188 km",1st owner,CNG,MH47-AY1975,"₹12,123/month",₹6.2 Lakh,On Zero down payment,"Mulund West, Mumbai"
Hyundai,2022,AURA SX PLUS 1.2 AMT,AURA SX PLUS 1.2 AMT,Automatic,"20,883 km",1st owner,Petrol,MH04-LB5922,"₹16,084/month",₹8.45 Lakh,On Zero down payment,"Goregaon, Mumbai"
Maruti,2013,Wagon R 1.0 LXI CNG,Wagon R 1.0 LXI CNG,Manual,"75,349 km",2nd owner,CNG,MH46-X1584,"₹14,263/month",₹3.03 Lakh,On Zero down payment,"Mulund West, Mumbai"
Hyundai,2016,Xcent S 1.2,Xcent S 1.2,Manual,"95,722 km",3rd owner,Petrol,MH43-AT9483,"₹6,940/month",₹3.55 Lakh,On Zero down payment,"Mulund West, Mumbai"
Hyundai,2019,VENUE SX PLUS 1.0 TURBO DCT,VENUE SX PLUS 1.0 TURBO DCT,Automatic,"53,229 km",1st owner,Petrol,MH04-KD7021,"₹16,426/month",₹8.63 Lakh,On Zero down payment,"Goregaon, Mumbai"
Honda,2013,Brio VX AT,Brio VX AT,Automatic,"56,041 km",2nd owner,Petrol,MH04-GE5772,"₹8,822/month",₹3.35 Lakh,On Zero down payment,"Goregaon, Mumbai"
Maruti,2015,Wagon R 1.0 VXI AMT,Wagon R 1.0 VXI AMT,Automatic,"95,214 km",1st owner,Petrol,MH43-AT7159,"₹6,237/month",₹3.19 Lakh,On Zero down payment,"Mulund West, Mumbai"
Maruti,2016,Vitara Brezza ZDI PLUS,Vitara Brezza ZDI PLUS,Manual,"74,960 km",3rd owner,Diesel,MH02-EK3168,"₹12,688/month",₹6.49 Lakh,On Zero down payment,"Goregaon, Mumbai"
Maruti,2021,New Wagon-R LXI CNG (O) 1.0,New Wagon-R LXI CNG (O) 1.0,Manual,"13,106 km",1st owner,CNG,MH04-KR8256,"₹12,414/month",₹6.35 Lakh,On Zero down payment,"Mulund West, Mumbai"
Maruti,2015,Wagon R 1.0 LXI CNG,Wagon R 1.0 LXI CNG,Manual,"29,830 km",1st owner,CNG,MH47-A4031,"₹9,717/month",₹3.69 Lakh,On Zero down payment,Seawood
Maruti,2019,S PRESSO VXI PLUS AMT,S PRESSO VXI PLUS AMT,Automatic,"21,125 km",1st owner,Petrol,MH01-DK4808,"₹9,065/month",₹4.64 Lakh,On Zero down payment,Seawood
Hyundai,2016,Creta SX PLUS 1.6 PETROL,Creta SX PLUS 1.6 PETROL,Manual,"71,684 km",1st owner,Petrol,MH01-CD8985,"₹14,369/month",₹7.35 Lakh,On Zero down payment,"Goregaon, Mumbai"
Honda,2019,City 1.5L I-VTEC VX CVT,City 1.5L I-VTEC VX CVT,Automatic,"54,705 km",1st owner,Petrol,MH01-DE9747,"₹18,235/month",₹9.58 Lakh,On Zero down payment,"Goregaon, Mumbai"
Maruti,2016,Baleno DELTA PETROL 1.2,Baleno DELTA PETROL 1.2,Manual,"43,373 km",1st owner,Petrol,MH47-Q2451,"₹9,814/month",₹5.02 Lakh,On Zero down payment,"Mulund West, Mumbai"
Hyundai,2016,Grand i10 SPORTZ 1.2 KAPPA VTVT,Grand i10 SPORTZ 1.2 KAPPA VTVT,Manual,"59,809 km",2nd owner,Petrol,MH05-CV5645,"₹7,273/month",₹3.72 Lakh,On Zero down payment,Seawood
Maruti,2016,Baleno DELTA PETROL 1.2,Baleno DELTA PETROL 1.2,Manual,"43,273 km",1st owner,Petrol,MH01-CH1712,"₹9,873/month",₹5.05 Lakh,On Zero down payment,"Goregaon, Mumbai"
Hyundai,2017,Creta SX PLUS 1.6 PETROL,Creta SX PLUS 1.6 PETROL,Manual,"47,534 km",2nd owner,Petrol,MH05-DH3208,"₹15,190/month",₹7.77 Lakh,On Zero down payment,"Goregaon, Mumbai"
Skoda,2018,Rapid STYLE 1.6 MPI AT,Rapid STYLE 1.6 MPI AT,Automatic,"49,088 km",1st owner,Petrol,MH01-DE3250,"₹13,490/month",₹6.9 Lakh,On Zero down payment,"Goregaon, Mumbai"
Renault,2016,Kwid RXT 1.0,Kwid RXT 1.0,Manual,"26,728 km",1st owner,Petrol,MH03-CB8212,"₹5,513/month",₹2.82 Lakh,On Zero down payment,"Mulund West, Mumbai"
Hyundai,2017,Verna 1.6 VTVT S AT,Verna 1.6 VTVT S AT,Automatic,"57,376 km",1st owner,Petrol,MH43-BK0324,"₹10,518/month",₹5.38 Lakh,On Zero down payment,"Mulund West, Mumbai"
Honda,2022,Jazz 1.2L I-VTEC VX CVT,Jazz 1.2L I-VTEC VX CVT,Automatic,"4,980 km",1st owner,Petrol,MH03-DX3461,"₹17,797/month",₹9.35 Lakh,On Zero down payment,Seawood
Hyundai,2017,Creta E PLUS 1.6 PETROL,Creta E PLUS 1.6 PETROL,Manual,"23,252 km",2nd owner,Petrol,MH46-BA4361,"₹14,897/month",₹7.62 Lakh,On Zero down payment,"Mulund West, Mumbai"
Tata,2020,ALTROZ XZ PETROL,ALTROZ XZ PETROL,Manual,"11,670 km",1st owner,Petrol,MH02-FJ8657,"₹14,741/month",₹7.54 Lakh,On Zero down payment,"Goregaon, Mumbai"
Hyundai,2017,Creta E PLUS 1.6 PETROL,Creta E PLUS 1.6 PETROL,Manual,"77,926 km",1st owner,Petrol,MH02-EP8050,"₹15,132/month",₹7.74 Lakh,On Zero down payment,"Goregaon, Mumbai"
Maruti,2021,S PRESSO VXI PLUS AMT,S PRESSO VXI PLUS AMT,Automatic,"26,592 km",1st owner,Petrol,MH05-EQ6607,"₹8,837/month",₹4.52 Lakh,On Zero down payment,"Mulund West, Mumbai"
Honda,2015,City 1.5L I-DTEC SV,City 1.5L I-DTEC SV,Manual,"91,712 km",2nd owner,Diesel,MH01-BY2513,"₹10,855/month",₹4.88 Lakh,On Zero down payment,"Goregaon, Mumbai"
Maruti,2016,Alto K10 VXI,Alto K10 VXI,Manual,"58,850 km",1st owner,Petrol,MH05-CV1344,"₹5,376/month",₹2.75 Lakh,On Zero down payment,"Goregaon, Mumbai"
Hyundai,2018,NEW SANTRO SPORTZ AMT,NEW SANTRO SPORTZ AMT,Automatic,"52,080 km",1st owner,Petrol,MH15-GR5322,"₹9,834/month",₹5.03 Lakh,On Zero down payment,"Goregaon, Mumbai"
Maruti,2011,Ritz VXI,Ritz VXI,Manual,"96,515 km",1st owner,Petrol,MH05-AX2513,"₹8,567/month",₹1.82 Lakh,On Zero down payment,"Goregaon, Mumbai"
Honda,2021,Amaze 1.2L I-VTEC S,Amaze 1.2L I-VTEC S,Manual,"15,721 km",1st owner,Petrol,MH05-EQ6325,"₹11,887/month",₹6.08 Lakh,On Zero down payment,"Mulund West, Mumbai"
Hyundai,2021,GRAND I10 NIOS SPORTZ AMT 1.2 KAPPA VTVT,GRAND I10 NIOS SPORTZ AMT 1.2 KAPPA VTVT,Automatic,"11,769 km",1st owner,Petrol,MH43-BU8305,"₹14,702/month",₹7.52 Lakh,On Zero down payment,"Mulund West, Mumbai"
Volkswagen,2013,Vento COMFORTLINE DIESEL 1.6,Vento COMFORTLINE DIESEL 1.6,Manual,"89,759 km",1st owner,Diesel,MH03-BH7022,"₹10,529/month",₹3.17 Lakh,On Zero down payment,"Mulund West, Mumbai"
Renault,2019,Kwid RXT 1.0 AMT (O),Kwid RXT 1.0 AMT (O),Automatic,"33,843 km",2nd owner,Petrol,MH04-KD3918,"₹6,647/month",₹3.4 Lakh,On Zero down payment,Seawood
Maruti,2015,Swift Dzire VXI,Swift Dzire VXI,Manual,"84,357 km",1st owner,Petrol,MH43-AT0194,"₹7,253/month",₹3.71 Lakh,On Zero down payment,"Mulund West, Mumbai"
Honda,2012,City 1.5L I-VTEC CORPORATE MT,City 1.5L I-VTEC CORPORATE MT,Manual,"62,671 km",1st owner,Petrol,MH03-BE6570,"₹10,064/month",₹3.03 Lakh,On Zero down payment,Seawood
Tata,2020,NEXON XM SUNROOF PETROL,NEXON XM SUNROOF PETROL,Manual,"3,646 km",1st owner,Petrol,MH02-FN0427,"₹15,303/month",₹8.04 Lakh,On Zero down payment,"Goregaon, Mumbai"
Maruti,2021,New Wagon-R VXI 1.2,New Wagon-R VXI 1.2,Manual,"18,693 km",1st owner,Petrol,MH03-DU5217,"₹11,163/month",₹5.71 Lakh,On Zero down payment,"Mulund West, Mumbai"
Nissan,2022,MAGNITE XV MT,MAGNITE XV MT,Manual,"32,892 km",1st owner,Petrol,MH47-BF3365,"₹13,001/month",₹6.65 Lakh,On Zero down payment,"Goregaon, Mumbai"
Maruti,2017,IGNIS ZETA 1.2 AMT DUAL TONE,IGNIS ZETA 1.2 AMT DUAL TONE,Automatic,"38,048 km",2nd owner,Petrol,MH19-CU1246,"₹9,775/month",₹5 Lakh,On Zero down payment,"Goregaon, Mumbai"
Hyundai,2016,Grand i10 MAGNA 1.2 KAPPA VTVT,Grand i10 MAGNA 1.2 KAPPA VTVT,Manual,"33,204 km",2nd owner,Petrol,MH04-HM1928,"₹7,840/month",₹4.01 Lakh,On Zero down payment,"Goregaon, Mumbai"
Ford,2018,FREESTYLE TREND 1.2 PETROL,FREESTYLE TREND 1.2 PETROL,Manual,"33,314 km",1st owner,Petrol,MH46-BE9415,"₹9,384/month",₹4.8 Lakh,On Zero down payment,"Goregaon, Mumbai"
Maruti,2012,Alto 800 LXI,Alto 800 LXI,Manual,"27,138 km",2nd owner,Petrol,MH02-CV1709,"₹6,444/month",₹1.94 Lakh,On Zero down payment,Seawood
Honda,2018,Jazz 1.2L I-VTEC VX AT,Jazz 1.2L I-VTEC VX AT,Manual,"24,232 km",1st owner,Petrol,MH03-DA0841,"₹13,138/month",₹6.72 Lakh,On Zero down payment,"Mulund West, Mumbai"
Maruti,2021,New Wagon-R LXI CNG 1.0,New Wagon-R LXI CNG 1.0,Manual,"26,725 km",1st owner,CNG,MH46-BV5706,"₹11,897/month",₹6.09 Lakh,On Zero down payment,Seawood
Tata,2023,TIGOR XMA PETROL,TIGOR XMA PETROL,Automatic,"6,789 km",1st owner,Petrol,MH47-BK4114,"₹13,998/month",₹7.16 Lakh,On Zero down payment,"Goregaon, Mumbai"
Honda,2017,City 1.5L I-VTEC V MT,City 1.5L I-VTEC V MT,Manual,"22,437 km",2nd owner,Petrol,MH03-CM3502,"₹13,842/month",₹7.08 Lakh,On Zero down payment,"Goregaon, Mumbai"
Hyundai,2015,Grand i10 SPORTZ 1.2 KAPPA VTVT,Grand i10 SPORTZ 1.2 KAPPA VTVT,Manual,"33,236 km",1st owner,Petrol,MH47-A0452,"₹6,940/month",₹3.55 Lakh,On Zero down payment,"Mulund West, Mumbai"
Maruti,2019,Baleno DELTA CVT PETROL 1.2,Baleno DELTA CVT PETROL 1.2,Automatic,"16,547 km",2nd owner,Petrol,MH04-KD1089,"₹11,730/month",₹6 Lakh,On Zero down payment,"Mulund West, Mumbai"
Maruti,2016,Celerio VXI CNG,Celerio VXI CNG,Manual,"90,219 km",2nd owner,CNG,MH02-EE7634,"₹8,987/month",₹4.04 Lakh,On Zero down payment,Seawood
Honda,2018,Jazz 1.2L I-VTEC VX,Jazz 1.2L I-VTEC VX,Manual,"26,130 km",2nd owner,Petrol,MH01-DB3180,"₹9,423/month",₹4.82 Lakh,On Zero down payment,"Mulund West, Mumbai"
Maruti,2016,Baleno DELTA CVT PETROL 1.2,Baleno DELTA CVT PETROL 1.2,Automatic,"58,631 km",2nd owner,Petrol,MH01-CD6011,"₹10,088/month",₹5.16 Lakh,On Zero down payment,"Goregaon, Mumbai"
Maruti,2017,Vitara Brezza VDI,Vitara Brezza VDI,Manual,"53,140 km",1st owner,Diesel,MH02-EK7795,"₹13,216/month",₹6.76 Lakh,On Zero down payment,Seawood
Volkswagen,2016,Ameo HIGHLINE1.2L,Ameo HIGHLINE1.2L,Manual,"11,341 km",1st owner,Petrol,MH06-BU1049,"₹9,462/month",₹4.84 Lakh,On Zero down payment,Seawood
Hyundai,2018,Verna 1.6 VTVT SX (O) AT,Verna 1.6 VTVT SX (O) AT,Automatic,"63,920 km",1st owner,Petrol,MH47-AG0626,"₹15,855/month",₹8.33 Lakh,On Zero down payment,Seawood
Skoda,2015,Rapid ELEGANCE 1.6 MPI MT,Rapid ELEGANCE 1.6 MPI MT,Manual,"63,084 km",1st owner,Petrol,MH02-EE0977,"₹7,703/month",₹3.94 Lakh,On Zero down payment,"Mulund West, Mumbai"
Hyundai,2015,Elite i20 SPORTZ 1.2,Elite i20 SPORTZ 1.2,Manual,"63,269 km",2nd owner,Petrol,MH01-BY6075,"₹7,728/month",₹3.95 Lakh,On Zero down payment,"Mulund West, Mumbai"
Skoda,2020,Rapid AMBITION TSI,Rapid AMBITION TSI,Manual,"22,978 km",1st owner,Petrol,MH03-DK4913,"₹14,448/month",₹7.39 Lakh,On Zero down payment,Seawood
Honda,2011,City 1.5L I-VTEC V MT,City 1.5L I-VTEC V MT,Manual,"90,143 km",2nd owner,Petrol,MH01-AX8802,"₹12,239/month",₹2.6 Lakh,On Zero down payment,"Mulund West, Mumbai"
Hyundai,2020,AURA S 1.2 CNG,AURA S 1.2 CNG,Manual,"53,586 km",2nd owner,CNG,MH05-EJ2659,"₹12,219/month",₹6.25 Lakh,On Zero down payment,"Mulund West, Mumbai"
Tata,2018,Tiago XZ PETROL,Tiago XZ PETROL,Manual,"90,317 km",1st owner,Petrol,MH14-GY4236,"₹8,016/month",₹4.1 Lakh,On Zero down payment,"Goregaon, Mumbai"
Maruti,2022,Dzire ZXI CNG,Dzire ZXI CNG,Manual,"33,650 km",1st owner,CNG,MH43-CC2549,"₹15,399/month",₹8.09 Lakh,On Zero down payment,"Mulund West, Mumbai"
Hyundai,2021,AURA SX 1.2 (O),AURA SX 1.2 (O),Manual,"16,365 km",1st owner,Petrol,MH46-BZ5422,"₹13,470/month",₹6.89 Lakh,On Zero down payment,"Mulund West, Mumbai"
Maruti,2014,Wagon R 1.0 LXI CNG,Wagon R 1.0 LXI CNG,Manual,"69,410 km",2nd owner,CNG,MH02-DS4516,"₹9,533/month",₹2.87 Lakh,On Zero down payment,"Goregaon, Mumbai"
Maruti,2020,Baleno ZETA PETROL 1.2,Baleno ZETA PETROL 1.2,Manual,"14,523 km",2nd owner,Petrol,MH04-KL4721,"₹12,023/month",₹6.15 Lakh,On Zero down payment,"Goregaon, Mumbai"
Honda,2017,City 1.5L I-VTEC VX,City 1.5L I-VTEC VX,Manual,"39,420 km",1st owner,Petrol,MH46-BC6633,"₹14,037/month",₹7.18 Lakh,On Zero down payment,"Goregaon, Mumbai"
Maruti,2020,Dzire ZXI PLUS AMT,Dzire ZXI PLUS AMT,Manual,"55,907 km",2nd owner,Petrol,MH47-AU4542,"₹11,945/month",₹6.11 Lakh,On Zero down payment,"Mulund West, Mumbai"
Hyundai,2016,Elite i20 MAGNA 1.2,Elite i20 MAGNA 1.2,Manual,"26,224 km",2nd owner,Petrol,MH05-CV5392,"₹8,641/month",₹4.42 Lakh,On Zero down payment,"Goregaon, Mumbai"
Maruti,2017,Baleno ALPHA DIESEL 1.3,Baleno ALPHA DIESEL 1.3,Manual,"73,436 km",1st owner,Diesel,MH04-HX5522,"₹11,339/month",₹5.8 Lakh,On Zero down payment,Seawood
Hyundai,2018,Grand i10 MAGNA U2 1.2 CRDI,Grand i10 MAGNA U2 1.2 CRDI,Manual,"113,120 km",1st owner,Diesel,MH46-BK6991,"₹9,632/month",₹4.33 Lakh,On Zero down payment,"Mulund West, Mumbai"
Skoda,2013,Rapid ACTIVE 1.6 TDI CR MT PLUS,Rapid ACTIVE 1.6 TDI CR MT PLUS,Manual,"56,954 km",1st owner,Diesel,MH02-CW5637,"₹11,027/month",₹3.32 Lakh,On Zero down payment,"Goregaon, Mumbai"
Maruti,2016,Swift Dzire VXI,Swift Dzire VXI,Manual,"34,315 km",1st owner,Petrol,MH05-CV0056,"₹9,247/month",₹4.73 Lakh,On Zero down payment,"Goregaon, Mumbai"
Volkswagen,2022,VIRTUS HIGHLINE TSI 1.0 MT,VIRTUS HIGHLINE TSI 1.0 MT,Manual,"15,098 km",1st owner,Petrol,MH04-LH0876,"₹22,232/month",₹11.68 Lakh,On Zero down payment,"Mulund West, Mumbai"
Hyundai,2014,Verna FLUIDIC 1.6 VTVT SX,Verna FLUIDIC 1.6 VTVT SX,Manual,"65,189 km",2nd owner,Petrol,MH02-DN9736,"₹9,699/month",₹4.36 Lakh,On Zero down payment,Seawood
Maruti,2017,IGNIS DELTA 1.2 AMT,IGNIS DELTA 1.2 AMT,Automatic,"20,687 km",1st owner,Petrol,MH03-CM2566,"₹9,482/month",₹4.85 Lakh,On Zero down payment,"Goregaon, Mumbai"
Hyundai,2011,i20 ASTA 1.2,i20 ASTA 1.2,Manual,"72,357 km",3rd owner,Petrol,MH02-BZ9982,"₹10,733/month",₹2.28 Lakh,On Zero down payment,"Goregaon, Mumbai"
Maruti,2015,Ertiga VXI CNG,Ertiga VXI CNG,Manual,"52,143 km",3rd owner,CNG,MH03-BW1241,"₹15,511/month",₹5.89 Lakh,On Zero down payment,"Goregaon, Mumbai"
Hyundai,2014,i20 SPORTZ 1.2,i20 SPORTZ 1.2,Manual,"35,207 km",2nd owner,Petrol,MH02-DN0814,"₹8,141/month",₹3.66 Lakh,On Zero down payment,"Goregaon, Mumbai"
Maruti,2019,Baleno ALPHA PETROL 1.2,Baleno ALPHA PETROL 1.2,Manual,"51,655 km",1st owner,Petrol,MH47-AG7461,"₹11,234/month",₹5.75 Lakh,On Zero down payment,"Goregaon, Mumbai"
Maruti,2017,Baleno DELTA PETROL 1.2,Baleno DELTA PETROL 1.2,Manual,"57,626 km",1st owner,Petrol,MH04-HX7906,"₹9,325/month",₹4.77 Lakh,On Zero down payment,"Goregaon, Mumbai"
Hyundai,2015,Elite i20 MAGNA 1.2,Elite i20 MAGNA 1.2,Manual,"69,078 km",1st owner,Petrol,MH46-AL4472,"₹8,485/month",₹4.34 Lakh,On Zero down payment,"Goregaon, Mumbai"
Honda,2016,City 1.5L I-VTEC V MT,City 1.5L I-VTEC V MT,Manual,"35,825 km",1st owner,Petrol,MH01-CH5957,"₹10,459/month",₹5.35 Lakh,On Zero down payment,Seawood
Honda,2012,Brio S MT,Brio S MT,Manual,"60,023 km",3rd owner,Petrol,MH02-CP8597,"₹6,875/month",₹2.07 Lakh,On Zero down payment,Seawood
Honda,2018,Amaze 1.2L I-VTEC V CVT,Amaze 1.2L I-VTEC V CVT,Automatic,"66,032 km",1st owner,Petrol,MH03-DA8008,"₹11,476/month",₹5.87 Lakh,On Zero down payment,Seawood
Maruti,2011,Swift ZXI,Swift ZXI,Manual,"67,725 km",2nd owner,Petrol,MH01-BB2081,"₹13,981/month",₹2.97 Lakh,On Zero down payment,"Mulund West, Mumbai"
Hyundai,2016,Creta E PLUS 1.6 PETROL,Creta E PLUS 1.6 PETROL,Manual,"56,586 km",2nd owner,Petrol,MH03-CB8150,"₹13,001/month",₹6.65 Lakh,On Zero down payment,"Mulund West, Mumbai"
Honda,2012,City 1.5L I-VTEC V MT,City 1.5L I-VTEC V MT,Manual,"69,461 km",3rd owner,Petrol,MH03-BH4579,"₹10,330/month",₹3.11 Lakh,On Zero down payment,"Mulund West, Mumbai"
Maruti,2020,Celerio ZXI,Celerio ZXI,Manual,"23,043 km",2nd owner,Petrol,MH19-CV8147,"₹7,840/month",₹4.01 Lakh,On Zero down payment,"Mulund West, Mumbai"
Maruti,2020,Baleno DELTA PETROL 1.2,Baleno DELTA PETROL 1.2,Manual,"29,044 km",1st owner,Petrol,MH43-BU2433,"₹11,750/month",₹6.01 Lakh,On Zero down payment,"Mulund West, Mumbai"
Tata,2018,NEXON XM PETROL,NEXON XM PETROL,Manual,"13,664 km",2nd owner,Petrol,MH47-AB9813,"₹11,300/month",₹5.78 Lakh,On Zero down payment,"Mulund West, Mumbai"
Maruti,2017,Dzire ZDI PLUS,Dzire ZDI PLUS,Manual,"92,625 km",1st owner,Diesel,MH47-W2905,"₹12,375/month",₹6.33 Lakh,On Zero down payment,"Goregaon, Mumbai"
Maruti,2017,Ciaz ZDI+ SHVS,Ciaz ZDI+ SHVS,Manual,"75,584 km",1st owner,Diesel,MH02-EK6504,"₹11,847/month",₹6.06 Lakh,On Zero down payment,"Mulund West, Mumbai"
Maruti,2017,Wagon R 1.0 VXI,Wagon R 1.0 VXI,Manual,"19,020 km",1st owner,Petrol,MH01-CP7619,"₹7,054/month",₹3.61 Lakh,On Zero down payment,"Goregaon, Mumbai"
Maruti,2014,Celerio VXI,Celerio VXI,Manual,"65,485 km",1st owner,Petrol,MH47-A0493,"₹6,851/month",₹3.08 Lakh,On Zero down payment,"Goregaon, Mumbai"
Honda,2015,City 1.5L I-VTEC S MT,City 1.5L I-VTEC S MT,Manual,"79,021 km",2nd owner,Petrol,MH02-DW2210,"₹8,465/month",₹4.33 Lakh,On Zero down payment,"Goregaon, Mumbai"
Maruti,2018,Ertiga ZDI SHVS,Ertiga ZDI SHVS,Manual,"47,225 km",1st owner,Diesel,MH02-EU5968,"₹15,989/month",₹8.4 Lakh,On Zero down payment,"Goregaon, Mumbai"
Honda,2015,City 1.5L I-VTEC VX (O) MT,City 1.5L I-VTEC VX (O) MT,Manual,"29,479 km",1st owner,Petrol,MH01-CD0341,"₹11,459/month",₹5.86 Lakh,On Zero down payment,"Mulund West, Mumbai"
Maruti,2022,BREZZA ZXI SMART HYBRID,BREZZA ZXI SMART HYBRID,Manual,"5,377 km",1st owner,Petrol,MH03-EB1506,"₹22,517/month",₹11.83 Lakh,On Zero down payment,"Goregaon, Mumbai"
Hyundai,2011,i10 MAGNA 1.1,i10 MAGNA 1.1,Manual,"79,115 km",2nd owner,Petrol,MH04-ET2698,"₹9,226/month",₹1.96 Lakh,On Zero down payment,"Goregaon, Mumbai"
Maruti,2014,Swift VXI,Swift VXI,Manual,"69,220 km",1st owner,Petrol,MH46-Z5440,"₹7,897/month",₹3.55 Lakh,On Zero down payment,"Goregaon, Mumbai"
Tata,2018,TIGOR XZA PETROL,TIGOR XZA PETROL,Automatic,"48,178 km",2nd owner,Petrol,MH04-JM7858,"₹9,576/month",₹4.9 Lakh,On Zero down payment,"Mulund West, Mumbai"
Maruti,2021,S PRESSO VXI+,S PRESSO VXI+,Manual,"12,655 km",1st owner,Petrol,MH03-DU4502,"₹7,996/month",₹4.09 Lakh,On Zero down payment,"Goregaon, Mumbai"
Skoda,2017,Rapid STYLE 1.6 MPI AT,Rapid STYLE 1.6 MPI AT,Automatic,"84,858 km",3rd owner,Petrol,MH03-CS1294,"₹10,342/month",₹5.29 Lakh,On Zero down payment,"Goregaon, Mumbai"
Renault,2019,Duster 110 PS RXZ MT DIESEL,Duster 110 PS RXZ MT DIESEL,Manual,"89,481 km",2nd owner,Diesel,MH47-AN2795,"₹14,545/month",₹7.44 Lakh,On Zero down payment,"Mulund West, Mumbai"
Tata,2020,Tiago XT PETROL,Tiago XT PETROL,Manual,"42,969 km",2nd owner,Petrol,MH02-FJ6536,"₹9,130/month",₹4.67 Lakh,On Zero down payment,"Mulund West, Mumbai"
Maruti,2013,Swift Dzire VXI,Swift Dzire VXI,Manual,"47,225 km",1st owner,Petrol,MH03-BH7164,"₹9,401/month",₹3.57 Lakh,On Zero down payment,Seawood
Hyundai,2012,i20 MAGNA 1.2,i20 MAGNA 1.2,Manual,"54,639 km",1st owner,Petrol,MH01-BF6495,"₹9,931/month",₹2.99 Lakh,On Zero down payment,"Mulund West, Mumbai"
Renault,2021,Kiger RXL MT,Kiger RXL MT,Manual,"46,060 km",1st owner,Petrol,MH43-BY1701,"₹10,761/month",₹5.5 Lakh,On Zero down payment,"Goregaon, Mumbai"
Maruti,2014,Ciaz VDI,Ciaz VDI,Manual,"60,741 km",1st owner,Diesel,MH02-DS8458,"₹13,615/month",₹5.17 Lakh,On Zero down payment,"Goregaon, Mumbai"
Renault,2020,Kwid RXT 1.0 AMT (O),Kwid RXT 1.0 AMT (O),Automatic,"31,238 km",1st owner,Petrol,MH02-FJ3993,"₹8,289/month",₹4.24 Lakh,On Zero down payment,"Mulund West, Mumbai"
Honda,2013,CRV 2.0L 2WD MT,CRV 2.0L 2WD MT,Manual,"101,898 km",1st owner,Petrol,MH04-FZ6710,"₹13,272/month",₹5.04 Lakh,On Zero down payment,"Mulund West, Mumbai"
Maruti,2017,Baleno ZETA PETROL 1.2,Baleno ZETA PETROL 1.2,Manual,"49,469 km",2nd owner,Petrol,MH05-DE0980,"₹9,110/month",₹4.66 Lakh,On Zero down payment,"Mulund West, Mumbai"
Maruti,2021,Dzire VXI,Dzire VXI,Manual,"18,343 km",1st owner,Petrol,MH01-DX1168,"₹12,590/month",₹6.44 Lakh,On Zero down payment,"Goregaon, Mumbai"
Hyundai,2013,i20 SPORTZ 1.2,i20 SPORTZ 1.2,Manual,"81,359 km",1st owner,Petrol,MH43-AN3680,"₹8,427/month",₹3.2 Lakh,On Zero down payment,"Mulund West, Mumbai"
Volkswagen,2014,Polo COMFORTLINE 1.2L,Polo COMFORTLINE 1.2L,Manual,"25,705 km",1st owner,Petrol,MH02-DS2950,"₹8,764/month",₹3.94 Lakh,On Zero down payment,"Goregaon, Mumbai"
Volkswagen,2014,Polo HIGHLINE1.2L,Polo HIGHLINE1.2L,Manual,"46,222 km",3rd owner,Petrol,MH02-DJ7490,"₹7,910/month",₹3.56 Lakh,On Zero down payment,"Mulund West, Mumbai"
Maruti,2015,Swift VXI,Swift VXI,Manual,"65,318 km",1st owner,Petrol,MH04-GZ7465,"₹7,976/month",₹4.08 Lakh,On Zero down payment,"Goregaon, Mumbai"
Honda,2023,Amaze 1.2L I-VTEC S CVT,Amaze 1.2L I-VTEC S CVT,Automatic,"8,096 km",1st owner,Petrol,MH02-FY3829,"₹15,582/month",₹7.97 Lakh,On Zero down payment,"Goregaon, Mumbai"
Maruti,2017,Celerio VXI,Celerio VXI,Manual,"34,454 km",1st owner,Petrol,MH01-CP1759,"₹7,585/month",₹3.88 Lakh,On Zero down payment,"Goregaon, Mumbai"
Renault,2022,Kwid RXL 1.0 (O),Kwid RXL 1.0 (O),Manual,"4,744 km",1st owner,Petrol,MH47-BF4264,"₹8,504/month",₹4.35 Lakh,On Zero down payment,"Mulund West, Mumbai"
Maruti,2012,Wagon R 1.0 VXI,Wagon R 1.0 VXI,Manual,"30,041 km",1st owner,Petrol,MH02-CL0686,"₹8,204/month",₹2.47 Lakh,On Zero down payment,"Mulund West, Mumbai"
Maruti,2012,Swift VXI,Swift VXI,Manual,"52,004 km",2nd owner,Petrol,MH04-FF8264,"₹10,263/month",₹3.09 Lakh,On Zero down payment,"Goregaon, Mumbai"
Hyundai,2018,Creta SX (O) 1.6 DIESEL,Creta SX (O) 1.6 DIESEL,Manual,"66,796 km",1st owner,Diesel,MH02-EU9313,"₹19,719/month",₹10.36 Lakh,On Zero down payment,"Mulund West, Mumbai"
Hyundai,2015,Elite i20 SPORTZ 1.2 (O),Elite i20 SPORTZ 1.2 (O),Manual,"77,613 km",1st owner,Petrol,MH02-DZ1097,"₹8,837/month",₹4.52 Lakh,On Zero down payment,"Mulund West, Mumbai"
Volkswagen,2016,Polo GT TSI AT,Polo GT TSI AT,Automatic,"78,771 km",1st owner,Petrol,MH03-CB5051,"₹10,605/month",₹5.42 Lakh,On Zero down payment,"Mulund West, Mumbai"
Honda,2017,City 1.5L I-VTEC ZX CVT,City 1.5L I-VTEC ZX CVT,Automatic,"43,060 km",2nd owner,Petrol,MH12-PZ6623,"₹13,040/month",₹6.67 Lakh,On Zero down payment,"Goregaon, Mumbai"
Tata,2019,Harrier XZ 2.0L,Harrier XZ 2.0L,Manual,"52,045 km",2nd owner,Diesel,MH04-KD4626,"₹24,668/month",₹12.96 Lakh,On Zero down payment,"Goregaon, Mumbai"
Hyundai,2018,Creta SX PLUS 1.6 PETROL DUAL TONE,Creta SX PLUS 1.6 PETROL DUAL TONE,Manual,"50,556 km",1st owner,Petrol,MH05-DS7875,"₹16,407/month",₹8.62 Lakh,On Zero down payment,Seawood
Maruti,2022,Celerio ZXI,Celerio ZXI,Manual,"11,147 km",2nd owner,Petrol,MH47-BF3889,"₹9,540/month",₹4.88 Lakh,On Zero down payment,Seawood
Honda,2020,City 1.5L I-VTEC ZX,City 1.5L I-VTEC ZX,Manual,"44,722 km",1st owner,Petrol,MH46-BQ5934,"₹17,492/month",₹9.19 Lakh,On Zero down payment,"Goregaon, Mumbai"
Ford,2017,Ecosport TREND 1.5L DIESEL,Ecosport TREND 1.5L DIESEL,Manual,"55,356 km",1st owner,Diesel,MH04-LT4021,"₹11,583/month",₹5.92 Lakh,On Zero down payment,"Mulund West, Mumbai"
Honda,2017,City 1.5L I-VTEC V MT,City 1.5L I-VTEC V MT,Manual,"38,411 km",1st owner,Petrol,MH47-Q7458,"₹13,411/month",₹6.86 Lakh,On Zero down payment,"Mulund West, Mumbai"
Honda,2021,City 1.5L I-VTEC ZX CVT,City 1.5L I-VTEC ZX CVT,Automatic,"22,500 km",1st owner,Petrol,MH05-ER2424,"₹22,955/month",₹12.06 Lakh,On Zero down payment,"Mulund West, Mumbai"
Honda,2015,City 1.5L I-VTEC V MT,City 1.5L I-VTEC V MT,Manual,"76,749 km",2nd owner,Petrol,MH01-BY4993,"₹8,817/month",₹4.51 Lakh,On Zero down payment,"Mulund West, Mumbai"
Hyundai,2016,Grand i10 MAGNA 1.2 KAPPA VTVT,Grand i10 MAGNA 1.2 KAPPA VTVT,Manual,"76,719 km",1st owner,Petrol,MH05-CV1582,"₹7,410/month",₹3.79 Lakh,On Zero down payment,Seawood
Maruti,2017,Swift ZXI,Swift ZXI,Manual,"29,424 km",1st owner,Petrol,MH16-BY5614,"₹9,756/month",₹4.99 Lakh,On Zero down payment,"Mulund West, Mumbai"
Skoda,2015,Rapid 1.5 TDI CR STYLE PLUS AT,Rapid 1.5 TDI CR STYLE PLUS AT,Manual,"35,375 km",2nd owner,Diesel,MH02-DZ9473,"₹11,389/month",₹5.12 Lakh,On Zero down payment,"Mulund West, Mumbai"
Tata,2020,ALTROZ XZ PETROL,ALTROZ XZ PETROL,Manual,"47,992 km",1st owner,Petrol,MH43-BU3448,"₹13,060/month",₹6.68 Lakh,On Zero down payment,"Mulund West, Mumbai"
Maruti,2020,S Cross ALPHA AT SMART HYBRID,S Cross ALPHA AT SMART HYBRID,Manual,"29,624 km",1st owner,Petrol,MH40-CA1570,"₹19,529/month",₹10.26 Lakh,On Zero down payment,"Mulund West, Mumbai"
Jeep,2019,Compass SPORT 1.4 PETROL,Compass SPORT 1.4 PETROL,Manual,"10,405 km",1st owner,Petrol,MH01-DE9218,"₹21,642/month",₹11.37 Lakh,On Zero down payment,"Goregaon, Mumbai"
Jeep,2017,Compass LIMITED 1.4 PETROL AT,Compass LIMITED 1.4 PETROL AT,Automatic,"21,921 km",2nd owner,Petrol,MH02-EU0783,"₹18,863/month",₹9.91 Lakh,On Zero down payment,"Mulund West, Mumbai"
Hyundai,2019,Creta SX 1.6 PETROL,Creta SX 1.6 PETROL,Manual,"60,529 km",1st owner,Petrol,MH46-BQ2733,"₹16,579/month",₹8.71 Lakh,On Zero down payment,"Goregaon, Mumbai"
Maruti,2016,Celerio VXI CNG,Celerio VXI CNG,Manual,"91,598 km",1st owner,CNG,MH47-Q1924,"₹7,919/month",₹3.56 Lakh,On Zero down payment,Seawood
Maruti,2015,Wagon R 1.0 LXI CNG,Wagon R 1.0 LXI CNG,Manual,"78,600 km",1st owner,CNG,MH46-AL8618,"₹8,479/month",₹3.22 Lakh,On Zero down payment,"Goregaon, Mumbai"
Honda,2017,Jazz 1.2L I-VTEC V,Jazz 1.2L I-VTEC V,Manual,"55,248 km",1st owner,Petrol,MH01-CP7353,"₹8,661/month",₹4.43 Lakh,On Zero down payment,"Goregaon, Mumbai"
Hyundai,2018,NEW SANTRO SPORTZ AMT,NEW SANTRO SPORTZ AMT,Automatic,"19,642 km",1st owner,Petrol,MH43-BN4028,"₹9,365/month",₹4.79 Lakh,On Zero down payment,"Goregaon, Mumbai"
Honda,2016,City 1.5L I-VTEC SV,City 1.5L I-VTEC SV,Manual,"83,615 km",1st owner,Petrol,MH04-HM4965,"₹10,870/month",₹5.56 Lakh,On Zero down payment,"Mulund West, Mumbai"
Maruti,2016,Alto 800 LXI,Alto 800 LXI,Manual,"45,935 km",2nd owner,Petrol,MH01-CH3724,"₹4,907/month",₹2.51 Lakh,On Zero down payment,"Mulund West, Mumbai"
Honda,2015,Jazz 1.2L I-VTEC V AT,Jazz 1.2L I-VTEC V AT,Automatic,"33,907 km",1st owner,Petrol,MH02-DZ8685,"₹9,208/month",₹4.71 Lakh,On Zero down payment,Seawood
Maruti,2020,S Cross ALPHA 1.5 SMART HYBRID,S Cross ALPHA 1.5 SMART HYBRID,Manual,"52,649 km",1st owner,Petrol,MH40-CA1557,"₹17,238/month",₹9.06 Lakh,On Zero down payment,"Mulund West, Mumbai"
Hyundai,2015,Elite i20 SPORTZ 1.2,Elite i20 SPORTZ 1.2,Manual,"52,497 km",1st owner,Petrol,MH01-BY6343,"₹9,091/month",₹4.65 Lakh,On Zero down payment,"Mulund West, Mumbai"
Honda,2016,City 1.5L I-VTEC SV,City 1.5L I-VTEC SV,Manual,"60,664 km",2nd owner,Petrol,MH43-AW1765,"₹9,697/month",₹4.96 Lakh,On Zero down payment,"Mulund West, Mumbai"
Maruti,2019,IGNIS DELTA 1.2,IGNIS DELTA 1.2,Manual,"37,783 km",2nd owner,Petrol,MH04-KD2407,"₹8,504/month",₹4.35 Lakh,On Zero down payment,"Goregaon, Mumbai"
Maruti,2020,IGNIS ALPHA 1.2,IGNIS ALPHA 1.2,Manual,"20,435 km",1st owner,Petrol,MH43-BU3290,"₹11,202/month",₹5.73 Lakh,On Zero down payment,"Goregaon, Mumbai"
Hyundai,2018,Creta SX AT 1.6 DIESEL,Creta SX AT 1.6 DIESEL,Automatic,"107,774 km",1st owner,Diesel,MH02-EZ5337,"₹22,308/month",₹10.26 Lakh,On Zero down payment,Seawood
Maruti,2017,Ertiga ZDI + SHVS,Ertiga ZDI + SHVS,Manual,"44,741 km",1st owner,Diesel,MH05-DH1397,"₹16,883/month",₹8.87 Lakh,On Zero down payment,"Mulund West, Mumbai"
KIA,2020,SELTOS GTX PLUS DCT 1.4 PETROL,SELTOS GTX PLUS DCT 1.4 PETROL,Automatic,"34,698 km",1st owner,Petrol,MH04-KL3267,"₹27,247/month",₹14.31 Lakh,On Zero down payment,"Mulund West, Mumbai"
Maruti,2014,Ertiga VXI CNG,Ertiga VXI CNG,Manual,"111,085 km",2nd owner,CNG,MH02-DN3917,"₹18,069/month",₹5.44 Lakh,On Zero down payment,"Goregaon, Mumbai"
Tata,2019,TIGOR XZ PLUS PETROL,TIGOR XZ PLUS PETROL,Manual,"87,229 km",1st owner,Petrol,MH48-BH5207,"₹9,599/month",₹4.91 Lakh,On Zero down payment,"Mulund West, Mumbai"
Maruti,2020,Ciaz S 1.5 MT PETROL,Ciaz S 1.5 MT PETROL,Manual,"42,385 km",2nd owner,Petrol,MH40-CA0342,"₹14,841/month",₹7.59 Lakh,On Zero down payment,"Mulund West, Mumbai"
Tata,2023,NEXON XZA PLUS PETROL,NEXON XZA PLUS PETROL,Automatic,"6,437 km",1st owner,Petrol,MH47-BK0917,"₹20,785/month",₹10.92 Lakh,On Zero down payment,"Goregaon, Mumbai"
Maruti,2023,New Wagon-R LXI 1.0,New Wagon-R LXI 1.0,Manual,"1,958 km",1st owner,Petrol,MH47-BK2665,"₹11,515/month",₹5.89 Lakh,On Zero down payment,"Goregaon, Mumbai"
Hyundai,2014,i10 SPORTZ 1.1,i10 SPORTZ 1.1,Manual,"49,842 km",2nd owner,CNG,MH48-S8832,"₹9,898/month",₹2.98 Lakh,On Zero down payment,"Mulund West, Mumbai"
Hyundai,2016,Creta S 1.6 PETROL,Creta S 1.6 PETROL,Manual,"48,860 km",1st owner,Petrol,MH03-CB4090,"₹14,233/month",₹7.28 Lakh,On Zero down payment,"Goregaon, Mumbai"
Hyundai,2017,Grand i10 SPORTZ 1.2 KAPPA VTVT,Grand i10 SPORTZ 1.2 KAPPA VTVT,Manual,"109,662 km",1st owner,CNG,MH05-DH4364,"₹9,810/month",₹4.41 Lakh,On Zero down payment,"Goregaon, Mumbai"
Toyota,2022,URBAN CRUISER PREMIUM GRADE AT,URBAN CRUISER PREMIUM GRADE AT,Automatic,"33,986 km",1st owner,Petrol,MH01-EB3891,"₹19,434/month",₹10.21 Lakh,On Zero down payment,Seawood
Hyundai,2016,Creta SX PLUS 1.6 PETROL,Creta SX PLUS 1.6 PETROL,Manual,"41,441 km",1st owner,Petrol,MH01-CH1348,"₹13,959/month",₹7.14 Lakh,On Zero down payment,Seawood
Renault,2019,Kwid RXT 1.0 AMT,Kwid RXT 1.0 AMT,Manual,"79,343 km",2nd owner,Petrol,MH03-DG0785,"₹7,441/month",₹3.81 Lakh,On Zero down payment,"Goregaon, Mumbai"
Hyundai,2018,Creta SX (O) 1.6 PETROL,Creta SX (O) 1.6 PETROL,Manual,"27,420 km",1st owner,Petrol,MH02-EZ0084,"₹19,320/month",₹10.15 Lakh,On Zero down payment,"Mulund West, Mumbai"
Maruti,2014,Swift Dzire ZDI,Swift Dzire ZDI,Manual,"114,899 km",2nd owner,Diesel,MH46-Z8904,"₹12,503/month",₹4.75 Lakh,On Zero down payment,"Mulund West, Mumbai"
Hyundai,2022,GRAND I10 NIOS SPORTZ 1.2 KAPPA VTVT CNG,GRAND I10 NIOS SPORTZ 1.2 KAPPA VTVT CNG,Manual,"11,942 km",1st owner,CNG,MH43-BY9884,"₹13,294/month",₹6.8 Lakh,On Zero down payment,"Goregaon, Mumbai"
Tata,2021,NEXON XZA PLUS (O) PETROL DARK EDITION,NEXON XZA PLUS (O) PETROL DARK EDITION,Automatic,"48,451 km",1st owner,Petrol,MH20-FX4050,"₹19,643/month",₹10.32 Lakh,On Zero down payment,"Mulund West, Mumbai"
Nissan,2013,Micra XV CVT,Micra XV CVT,Manual,"68,726 km",1st owner,Petrol,MH43-AN6624,"₹8,032/month",₹3.05 Lakh,On Zero down payment,"Goregaon, Mumbai"
Hyundai,2019,NEW SANTRO MAGNA,NEW SANTRO MAGNA,Manual,"16,445 km",1st owner,Petrol,MH05-DS9285,"₹8,504/month",₹4.35 Lakh,On Zero down payment,"Mulund West, Mumbai"
Honda,2015,City 1.5L I-VTEC VX,City 1.5L I-VTEC VX,Manual,"100,831 km",1st owner,Petrol,MH01-BY7255,"₹10,455/month",₹4.7 Lakh,On Zero down payment,"Goregaon, Mumbai"
Maruti,2016,Swift VXI O,Swift VXI O,Manual,"35,970 km",1st owner,Petrol,MH46-AU5153,"₹9,013/month",₹4.61 Lakh,On Zero down payment,"Goregaon, Mumbai"
Honda,2012,City 1.5L I-VTEC S MT,City 1.5L I-VTEC S MT,Manual,"80,218 km",1st owner,Petrol,MH01-BF1300,"₹10,496/month",₹3.16 Lakh,On Zero down payment,Seawood
Toyota,2011,Etios Liva G,Etios Liva G,Manual,"77,595 km",1st owner,Petrol,MH43-AJ4942,"₹11,768/month",₹2.5 Lakh,On Zero down payment,"Mulund West, Mumbai"
Hyundai,2019,GRAND I10 NIOS SPORTZ AMT 1.2 KAPPA VTVT,GRAND I10 NIOS SPORTZ AMT 1.2 KAPPA VTVT,Automatic,"47,261 km",1st owner,Petrol,MH05-EA4824,"₹11,746/month",₹6.01 Lakh,On Zero down payment,"Goregaon, Mumbai"
Tata,2020,ALTROZ XZ PETROL,ALTROZ XZ PETROL,Manual,"71,356 km",1st owner,Petrol,MH05-EJ0823,"₹13,490/month",₹6.9 Lakh,On Zero down payment,"Mulund West, Mumbai"
Maruti,2019,Ciaz DELTA 1.5 SHVS MT PETROL,Ciaz DELTA 1.5 SHVS MT PETROL,Manual,"11,136 km",1st owner,Petrol,MH02-FE1916,"₹14,545/month",₹7.44 Lakh,On Zero down payment,"Mulund West, Mumbai"
Hyundai,2017,Creta SX PLUS AT 1.6 DIESEL,Creta SX PLUS AT 1.6 DIESEL,Automatic,"79,624 km",1st owner,Diesel,MH02-EU2327,"₹19,034/month",₹10 Lakh,On Zero down payment,"Mulund West, Mumbai"
Maruti,2017,Baleno DELTA CVT PETROL 1.2,Baleno DELTA CVT PETROL 1.2,Automatic,"23,959 km",1st owner,Petrol,MH03-CM8836,"₹10,635/month",₹5.44 Lakh,On Zero down payment,"Goregaon, Mumbai"
Hyundai,2017,Creta SX PLUS 1.6 DIESEL SPECIAL EDITION,Creta SX PLUS 1.6 DIESEL SPECIAL EDITION,Manual,"55,424 km",1st owner,Diesel,MH05-DH1846,"₹17,093/month",₹8.98 Lakh,On Zero down payment,"Goregaon, Mumbai"
Maruti,2018,Baleno ZETA PETROL 1.2,Baleno ZETA PETROL 1.2,Manual,"54,530 km",1st owner,Petrol,MH43-BK5846,"₹10,342/month",₹5.29 Lakh,On Zero down payment,"Mulund West, Mumbai"
Maruti,2015,Swift VXI,Swift VXI,Manual,"76,928 km",2nd owner,Petrol,MH01-BY3310,"₹7,859/month",₹4.02 Lakh,On Zero down payment,"Goregaon, Mumbai"
Hyundai,2016,Elite i20 ASTA 1.2,Elite i20 ASTA 1.2,Manual,"62,056 km",3rd owner,Petrol,MH05-CV0336,"₹9,404/month",₹4.81 Lakh,On Zero down payment,"Goregaon, Mumbai"
Maruti,2014,Celerio VXI,Celerio VXI,Manual,"66,046 km",2nd owner,Petrol,MH03-BJ8096,"₹6,896/month",₹3.1 Lakh,On Zero down payment,"Mulund West, Mumbai"
Hyundai,2017,Xcent SX 1.2 (O),Xcent SX 1.2 (O),Manual,"35,408 km",1st owner,Petrol,MH03-CM8842,"₹9,462/month",₹4.84 Lakh,On Zero down payment,"Goregaon, Mumbai"
Volkswagen,2020,Vento HIGHLINE PLUS 1.0L TSI AT,Vento HIGHLINE PLUS 1.0L TSI AT,Automatic,"89,509 km",1st owner,Petrol,MH10-DL5181,"₹16,997/month",₹8.93 Lakh,On Zero down payment,"Mulund West, Mumbai"
Hyundai,2017,Elite i20 SPORTZ 1.2,Elite i20 SPORTZ 1.2,Manual,"41,718 km",2nd owner,Petrol,MH01-CP4587,"₹9,306/month",₹4.76 Lakh,On Zero down payment,"Mulund West, Mumbai"
Honda,2014,City 1.5L I-VTEC V MT,City 1.5L I-VTEC V MT,Manual,"61,455 km",1st owner,Petrol,MH03-BS2655,"₹10,054/month",₹4.52 Lakh,On Zero down payment,"Mulund West, Mumbai"
Hyundai,2016,Elite i20 ASTA 1.2,Elite i20 ASTA 1.2,Manual,"42,817 km",1st owner,Petrol,MH03-CK0344,"₹11,261/month",₹5.76 Lakh,On Zero down payment,"Goregaon, Mumbai"
Hyundai,2014,Grand i10 SPORTZ 1.2 KAPPA VTVT,Grand i10 SPORTZ 1.2 KAPPA VTVT,Manual,"37,525 km",1st owner,Petrol,MH02-DJ7849,"₹7,897/month",₹3.55 Lakh,On Zero down payment,"Mulund West, Mumbai"
Honda,2019,Amaze 1.5L I-DTEC V CVT,Amaze 1.5L I-DTEC V CVT,Automatic,"55,583 km",1st owner,Diesel,MH47-AN1136,"₹14,624/month",₹7.48 Lakh,On Zero down payment,"Mulund West, Mumbai"
Honda,2017,WR-V 1.2L I-VTEC VX MT,WR-V 1.2L I-VTEC VX MT,Manual,"87,905 km",2nd owner,Petrol,MH43-BK0924,"₹11,191/month",₹5.72 Lakh,On Zero down payment,"Goregaon, Mumbai"
Maruti,2015,Wagon R 1.0 VXI,Wagon R 1.0 VXI,Manual,"30,942 km",2nd owner,Petrol,MH48-AC5103,"₹6,315/month",₹3.23 Lakh,On Zero down payment,"Mulund West, Mumbai"
Honda,2018,City 1.5L I-VTEC VX,City 1.5L I-VTEC VX,Manual,"31,998 km",1st owner,Petrol,MH04-JV0245,"₹16,522/month",₹8.68 Lakh,On Zero down payment,"Goregaon, Mumbai"
Maruti,2018,Baleno ALPHA CVT PETROL 1.2,Baleno ALPHA CVT PETROL 1.2,Automatic,"88,152 km",1st owner,Petrol,MH01-DB4618,"₹11,300/month",₹5.78 Lakh,On Zero down payment,"Goregaon, Mumbai"
Hyundai,2011,i10 SPORTZ 1.2,i10 SPORTZ 1.2,Manual,"32,786 km",1st owner,Petrol,MH02-CD1194,"₹10,639/month",₹2.26 Lakh,On Zero down payment,"Goregaon, Mumbai"
Maruti,2017,Dzire VDI AMT,Dzire VDI AMT,Automatic,"36,258 km",2nd owner,Diesel,MH47-AB0687,"₹12,141/month",₹6.21 Lakh,On Zero down payment,"Goregaon, Mumbai"
Ford,2017,Ecosport TREND 1.5L DIESEL,Ecosport TREND 1.5L DIESEL,Manual,"38,957 km",1st owner,Diesel,MH03-CM6409,"₹13,177/month",₹6.74 Lakh,On Zero down payment,"Goregaon, Mumbai"
Maruti,2019,IGNIS DELTA 1.2,IGNIS DELTA 1.2,Manual,"16,694 km",1st owner,Petrol,MH47-AG7745,"₹9,071/month",₹4.64 Lakh,On Zero down payment,"Goregaon, Mumbai"
Maruti,2020,S PRESSO VXI (O) AMT,S PRESSO VXI (O) AMT,Automatic,"13,440 km",1st owner,Petrol,MH47-AU8859,"₹9,521/month",₹4.87 Lakh,On Zero down payment,"Mulund West, Mumbai"
Maruti,2017,Baleno ZETA CVT PETROL 1.2,Baleno ZETA CVT PETROL 1.2,Automatic,"77,650 km",1st owner,Petrol,MH03-CS3405,"₹10,303/month",₹5.27 Lakh,On Zero down payment,"Goregaon, Mumbai"
Maruti,2016,Ertiga VDI SHVS,Ertiga VDI SHVS,Manual,"68,351 km",1st owner,Diesel,MH48-AK6793,"₹13,900/month",₹7.11 Lakh,On Zero down payment,Seawood
Maruti,2017,Wagon R 1.0 VXI AMT,Wagon R 1.0 VXI AMT,Automatic,"65,156 km",1st owner,Petrol,MH47-W0767,"₹7,091/month",₹3.63 Lakh,On Zero down payment,Seawood
Volkswagen,2014,Polo HIGHLINE1.2L,Polo HIGHLINE1.2L,Manual,"41,264 km",1st owner,Petrol,MH02-DJ3758,"₹8,631/month",₹3.88 Lakh,On Zero down payment,"Mulund West, Mumbai"
Honda,2015,City 1.5L I-VTEC SV,City 1.5L I-VTEC SV,Manual,"61,177 km",2nd owner,Petrol,MH02-DW1584,"₹9,388/month",₹4.8 Lakh,On Zero down payment,"Goregaon, Mumbai"
Honda,2017,City 1.5L I-VTE V CVT,City 1.5L I-VTE V CVT,Manual,"68,950 km",1st owner,Petrol,MH02-EK6760,"₹13,157/month",₹6.73 Lakh,On Zero down payment,"Mulund West, Mumbai"
Honda,2018,City 1.5L I-VTE V CVT,City 1.5L I-VTE V CVT,Automatic,"63,253 km",2nd owner,Petrol,MH01-DB4662,"₹13,666/month",₹6.99 Lakh,On Zero down payment,"Mulund West, Mumbai"
Honda,2015,City 1.5L I-VTEC V MT,City 1.5L I-VTEC V MT,Manual,"73,939 km",2nd owner,Petrol,MH03-BW7001,"₹8,915/month",₹4.56 Lakh,On Zero down payment,"Goregaon, Mumbai"
Maruti,2018,Ciaz ZETA 1.4 AT PETROL,Ciaz ZETA 1.4 AT PETROL,Automatic,"53,796 km",2nd owner,Petrol,MH02-EU8542,"₹12,688/month",₹6.49 Lakh,On Zero down payment,"Goregaon, Mumbai"
Renault,2017,Duster RXS CVT,Duster RXS CVT,Automatic,"63,627 km",1st owner,Petrol,MH03-CS6979,"₹11,828/month",₹6.05 Lakh,On Zero down payment,"Goregaon, Mumbai"
Maruti,2017,Baleno SIGMA PETROL 1.2,Baleno SIGMA PETROL 1.2,Manual,"76,316 km",2nd owner,Petrol,MH47-W2674,"₹8,563/month",₹4.38 Lakh,On Zero down payment,"Mulund West, Mumbai"
Tata,2019,Tiago XZA PLUS PETROL,Tiago XZA PLUS PETROL,Automatic,"18,218 km",1st owner,Petrol,MH05-EA7793,"₹11,046/month",₹5.65 Lakh,On Zero down payment,"Goregaon, Mumbai"
Hyundai,2013,i10 MAGNA 1.1,i10 MAGNA 1.1,Manual,"47,502 km",1st owner,Petrol,MH48-P4784,"₹6,899/month",₹2.62 Lakh,On Zero down payment,"Mulund West, Mumbai"
Maruti,2017,IGNIS DELTA 1.2,IGNIS DELTA 1.2,Manual,"30,176 km",1st owner,Petrol,MH47-W6310,"₹8,758/month",₹4.48 Lakh,On Zero down payment,"Mulund West, Mumbai"
Hyundai,2016,Elite i20 ASTA 1.2,Elite i20 ASTA 1.2,Manual,"76,293 km",2nd owner,Petrol,MH04-HF2014,"₹9,169/month",₹4.69 Lakh,On Zero down payment,"Goregaon, Mumbai"
Maruti,2012,Swift Dzire ZXI,Swift Dzire ZXI,Manual,"33,997 km",2nd owner,Petrol,MH05-BL4775,"₹12,156/month",₹3.66 Lakh,On Zero down payment,"Mulund West, Mumbai"
Jeep,2021,Compass SPORT 1.4 PETROL DCT,Compass SPORT 1.4 PETROL DCT,Automatic,"21,250 km",2nd owner,Petrol,MH47-AY6724,"₹31,273/month",₹16.43 Lakh,On Zero down payment,"Mulund West, Mumbai"
Hyundai,2016,Creta SX PLUS AT 1.6 PETROL,Creta SX PLUS AT 1.6 PETROL,Automatic,"45,445 km",1st owner,Petrol,MH02-EK4485,"₹17,245/month",₹9.06 Lakh,On Zero down payment,"Goregaon, Mumbai"
Hyundai,2015,Elite i20 SPORTZ 1.2,Elite i20 SPORTZ 1.2,Manual,"30,141 km",2nd owner,Petrol,MH02-EE0437,"₹8,543/month",₹4.37 Lakh,On Zero down payment,"Mulund West, Mumbai"
Nissan,2021,MAGNITE XV PREMIUM,MAGNITE XV PREMIUM,Manual,"47,127 km",1st owner,Petrol,MH46-BV6745,"₹13,685/month",₹7 Lakh,On Zero down payment,"Mulund West, Mumbai"
Hyundai,2018,Grand i10 SPORTZ (O) AT 1.2 KAPPA VTVT,Grand i10 SPORTZ (O) AT 1.2 KAPPA VTVT,Automatic,"65,001 km",1st owner,Petrol,MH46-BE5266,"₹10,440/month",₹5.34 Lakh,On Zero down payment,Seawood
Hyundai,2017,Creta SX PLUS AT 1.6 PETROL,Creta SX PLUS AT 1.6 PETROL,Automatic,"91,055 km",2nd owner,Petrol,MH01-CT0876,"₹16,712/month",₹8.78 Lakh,On Zero down payment,"Goregaon, Mumbai"
Tata,2021,Tiago XZA PLUS DUAL TONE PETROL,Tiago XZA PLUS DUAL TONE PETROL,Automatic,"34,270 km",1st owner,Petrol,MH46-BV5627,"₹11,763/month",₹6.02 Lakh,On Zero down payment,"Goregaon, Mumbai"
Maruti,2020,New Wagon-R LXI CNG 1.0,New Wagon-R LXI CNG 1.0,Manual,"12,760 km",2nd owner,CNG,MH43-BU4536,"₹10,283/month",₹5.26 Lakh,On Zero down payment,"Mulund West, Mumbai"
Tata,2021,Tiago XZA PLUS PETROL,Tiago XZA PLUS PETROL,Automatic,"42,450 km",2nd owner,Petrol,MH04-KR3055,"₹10,616/month",₹5.43 Lakh,On Zero down payment,Seawood
Hyundai,2014,Elite i20 SPORTZ 1.2,Elite i20 SPORTZ 1.2,Manual,"55,182 km",1st owner,Petrol,MH01-BU8160,"₹9,743/month",₹4.38 Lakh,On Zero down payment,"Goregaon, Mumbai"
Maruti,2015,Celerio VXI CNG,Celerio VXI CNG,Manual,"52,929 km",1st owner,CNG,MH43-AT2593,"₹10,086/month",₹3.83 Lakh,On Zero down payment,"Mulund West, Mumbai"
Tata,2022,ALTROZ XZA PLUS,ALTROZ XZA PLUS,Automatic,"2,973 km",1st owner,Petrol,MH02-FR9330,"₹17,797/month",₹9.35 Lakh,On Zero down payment,"Goregaon, Mumbai"
Hyundai,2017,New Elantra 2.0 SX(O) AT PETROL,New Elantra 2.0 SX(O) AT PETROL,Automatic,"76,064 km",2nd owner,Petrol,MH47-W0852,"₹15,855/month",₹8.33 Lakh,On Zero down payment,"Mulund West, Mumbai"
Mahindra,2017,XUV500 W10 AT,XUV500 W10 AT,Automatic,"84,784 km",1st owner,Diesel,MH02-EP0452,"₹19,872/month",₹10.44 Lakh,On Zero down payment,"Mulund West, Mumbai"
Mahindra,2019,XUV300 W8 (O) 1.2 PETROL,XUV300 W8 (O) 1.2 PETROL,Manual,"69,490 km",1st owner,Petrol,MH05-EA4132,"₹15,073/month",₹7.71 Lakh,On Zero down payment,"Mulund West, Mumbai"
Honda,2017,City 1.5L I-VTE V CVT,City 1.5L I-VTE V CVT,Automatic,"42,660 km",1st owner,Petrol,MH01-CT6489,"₹14,272/month",₹7.3 Lakh,On Zero down payment,Seawood
Honda,2021,City 1.5L I-VTEC ZX CVT,City 1.5L I-VTEC ZX CVT,Automatic,"22,827 km",1st owner,Petrol,MH02-FN5574,"₹25,506/month",₹13.4 Lakh,On Zero down payment,"Mulund West, Mumbai"
Maruti,2017,Ertiga ZDI + SHVS,Ertiga ZDI + SHVS,Manual,"94,511 km",1st owner,Diesel,MH46-BA3491,"₹16,951/month",₹8.91 Lakh,On Zero down payment,"Mulund West, Mumbai"
Mahindra,2019,XUV300 W8 1.5 DIESEL,XUV300 W8 1.5 DIESEL,Manual,"80,839 km",1st owner,Diesel,MH02-FE1504,"₹15,760/month",₹8.28 Lakh,On Zero down payment,Seawood
Hyundai,2019,New Elantra 2.0 SX(O) AT PETROL,New Elantra 2.0 SX(O) AT PETROL,Automatic,"43,333 km",2nd owner,Petrol,MH47-AG7524,"₹21,451/month",₹11.27 Lakh,On Zero down payment,"Mulund West, Mumbai"
Maruti,2021,New Wagon-R VXI (O) 1.2,New Wagon-R VXI (O) 1.2,Manual,"19,528 km",2nd owner,Petrol,MH03-DU6748,"₹10,518/month",₹5.38 Lakh,On Zero down payment,"Goregaon, Mumbai"
Hyundai,2017,Creta E PLUS 1.6 PETROL,Creta E PLUS 1.6 PETROL,Manual,"89,434 km",1st owner,Petrol,MH01-CT1385,"₹13,724/month",₹7.02 Lakh,On Zero down payment,"Goregaon, Mumbai"
Hyundai,2013,i10 MAGNA 1.1,i10 MAGNA 1.1,Manual,"32,961 km",2nd owner,Petrol,MH02-CW5750,"₹6,294/month",₹2.39 Lakh,On Zero down payment,"Goregaon, Mumbai"
Hyundai,2015,Xcent SX 1.2,Xcent SX 1.2,Manual,"64,152 km",1st owner,Petrol,MH43-AT3716,"₹7,898/month",₹4.04 Lakh,On Zero down payment,"Goregaon, Mumbai"
Maruti,2016,Baleno DELTA PETROL 1.2,Baleno DELTA PETROL 1.2,Manual,"62,766 km",2nd owner,CNG,MH05-CV5875,"₹10,922/month",₹4.91 Lakh,On Zero down payment,"Goregaon, Mumbai"
Maruti,2022,S PRESSO VXI (O) CNG,S PRESSO VXI (O) CNG,Manual,"31,772 km",1st owner,CNG,MH04-KW8084,"₹9,756/month",₹4.99 Lakh,On Zero down payment,"Mulund West, Mumbai"
Hyundai,2017,Creta SX PLUS AT 1.6 PETROL,Creta SX PLUS AT 1.6 PETROL,Automatic,"86,283 km",1st owner,Petrol,MH01-CP7778,"₹16,027/month",₹8.42 Lakh,On Zero down payment,"Mulund West, Mumbai"
Hyundai,2015,Creta S 1.6 PETROL,Creta S 1.6 PETROL,Manual,"76,643 km",2nd owner,Petrol,MH04-GZ4354,"₹13,001/month",₹6.65 Lakh,On Zero down payment,"Goregaon, Mumbai"
Hyundai,2015,Xcent S 1.2,Xcent S 1.2,Manual,"65,203 km",2nd owner,Petrol,MH46-AL6102,"₹7,273/month",₹3.72 Lakh,On Zero down payment,"Goregaon, Mumbai"
Hyundai,2018,NEW SANTRO SPORTZ CNG,NEW SANTRO SPORTZ CNG,Manual,"91,265 km",1st owner,CNG,MH04-JV1633,"₹9,208/month",₹4.71 Lakh,On Zero down payment,"Mulund West, Mumbai"
MG,2019,HECTOR SHARP 1.5 DCT PETROL,HECTOR SHARP 1.5 DCT PETROL,Automatic,"18,601 km",2nd owner,Petrol,MH43-BN7284,"₹27,580/month",₹14.49 Lakh,On Zero down payment,"Mulund West, Mumbai"
Ford,2018,FREESTYLE TITANIUM 1.2 PETROL,FREESTYLE TITANIUM 1.2 PETROL,Manual,"28,974 km",2nd owner,Petrol,MH12-QY1273,"₹9,834/month",₹5.03 Lakh,On Zero down payment,"Goregaon, Mumbai"
Maruti,2018,Ciaz ZETA 1.5 SHVS MT PETROL,Ciaz ZETA 1.5 SHVS MT PETROL,Manual,"18,001 km",1st owner,Petrol,MH02-FE3860,"₹14,467/month",₹7.4 Lakh,On Zero down payment,"Mulund West, Mumbai"
Hyundai,2017,Grand i10 MAGNA 1.2 KAPPA VTVT,Grand i10 MAGNA 1.2 KAPPA VTVT,Manual,"42,241 km",1st owner,Petrol,MH03-CS0650,"₹8,152/month",₹4.17 Lakh,On Zero down payment,"Mulund West, Mumbai"
Toyota,2018,Corolla Altis VL CVT PETROL,Corolla Altis VL CVT PETROL,Automatic,"74,221 km",1st owner,Petrol,MH46-BE4986,"₹18,958/month",₹9.96 Lakh,On Zero down payment,"Mulund West, Mumbai"
Toyota,2017,Corolla Altis VL CVT PETROL,Corolla Altis VL CVT PETROL,Automatic,"56,591 km",1st owner,Petrol,MH02-EP5370,"₹20,024/month",₹10.52 Lakh,On Zero down payment,"Mulund West, Mumbai"
Maruti,2018,Celerio VXI CNG,Celerio VXI CNG,Manual,"74,536 km",1st owner,CNG,MH04-JM6120,"₹8,192/month",₹4.19 Lakh,On Zero down payment,"Goregaon, Mumbai"
Hyundai,2013,i10 MAGNA 1.2,i10 MAGNA 1.2,Manual,"69,725 km",2nd owner,Petrol,MH12-JZ8402,"₹7,084/month",₹2.69 Lakh,On Zero down payment,"Goregaon, Mumbai"
Hyundai,2011,i20 SPORTZ (O) 1.2,i20 SPORTZ (O) 1.2,Manual,"72,888 km",1st owner,Petrol,MH01-AX6413,"₹12,804/month",₹2.72 Lakh,On Zero down payment,Seawood
Maruti,2020,Ciaz ALPHA AT 1.5 SHVS PETROL,Ciaz ALPHA AT 1.5 SHVS PETROL,Automatic,"27,994 km",1st owner,Petrol,MH02-FJ2448,"₹16,103/month",₹8.46 Lakh,On Zero down payment,"Mulund West, Mumbai"
Maruti,2019,S Cross ZETA 1.3,S Cross ZETA 1.3,Manual,"50,117 km",1st owner,Diesel,MH48-BH7449,"₹15,855/month",₹8.33 Lakh,On Zero down payment,"Goregaon, Mumbai"
Maruti,2017,Swift VXI,Swift VXI,Manual,"57,535 km",2nd owner,Petrol,MH04-HX0624,"₹9,619/month",₹4.92 Lakh,On Zero down payment,"Goregaon, Mumbai"
Maruti,2014,Wagon R 1.0 LXI CNG,Wagon R 1.0 LXI CNG,Manual,"78,327 km",2nd owner,CNG,MH04-GM3840,"₹10,695/month",₹3.22 Lakh,On Zero down payment,"Mulund West, Mumbai"
Hyundai,2022,GRAND I10 NIOS SPORTZ 1.2 KAPPA VTVT CNG,GRAND I10 NIOS SPORTZ 1.2 KAPPA VTVT CNG,Manual,"28,444 km",1st owner,CNG,MH46-CE8606,"₹13,666/month",₹6.99 Lakh,On Zero down payment,"Goregaon, Mumbai"
Hyundai,2019,Creta SX AT 1.6 PETROL,Creta SX AT 1.6 PETROL,Automatic,"27,780 km",1st owner,Petrol,MH47-AG7969,"₹21,052/month",₹11.06 Lakh,On Zero down payment,Seawood
Maruti,2017,Baleno ZETA PETROL 1.2,Baleno ZETA PETROL 1.2,Manual,"53,969 km",1st owner,Petrol,MH02-EP0824,"₹9,990/month",₹5.11 Lakh,On Zero down payment,"Goregaon, Mumbai"
Ford,2016,Ecosport TITANIUM 1.5L PETROL AT,Ecosport TITANIUM 1.5L PETROL AT,Automatic,"41,949 km",1st owner,Petrol,MH04-HM6818,"₹11,691/month",₹5.98 Lakh,On Zero down payment,"Mulund West, Mumbai"
Honda,2017,WR-V 1.5L I-DTEC S MT,WR-V 1.5L I-DTEC S MT,Manual,"71,092 km",1st owner,Diesel,MH03-CM5398,"₹12,825/month",₹6.56 Lakh,On Zero down payment,"Goregaon, Mumbai"
Hyundai,2014,Elite i20 SPORTZ 1.2,Elite i20 SPORTZ 1.2,Manual,"60,620 km",1st owner,Petrol,MH02-DS7361,"₹9,657/month",₹4.34 Lakh,On Zero down payment,"Goregaon, Mumbai"
Hyundai,2016,Elite i20 ASTA 1.2,Elite i20 ASTA 1.2,Manual,"82,023 km",1st owner,Petrol,MH47-K2628,"₹10,147/month",₹5.19 Lakh,On Zero down payment,"Goregaon, Mumbai"
Hyundai,2017,Creta SX PLUS AT 1.6 PETROL,Creta SX PLUS AT 1.6 PETROL,Automatic,"60,410 km",2nd owner,Petrol,MH04-HX0741,"₹16,122/month",₹8.47 Lakh,On Zero down payment,"Mulund West, Mumbai"
Hyundai,2016,Creta SX PLUS AT 1.6 PETROL,Creta SX PLUS AT 1.6 PETROL,Automatic,"56,441 km",1st owner,Petrol,MH04-HU1036,"₹17,778/month",₹9.34 Lakh,On Zero down payment,"Mulund West, Mumbai"
Hyundai,2018,New Elantra 1.6 SX (O) AT DIESEL,New Elantra 1.6 SX (O) AT DIESEL,Automatic,"48,054 km",2nd owner,Diesel,MH02-EZ0018,"₹20,690/month",₹10.87 Lakh,On Zero down payment,"Mulund West, Mumbai"
Maruti,2018,Baleno ALPHA CVT PETROL 1.2,Baleno ALPHA CVT PETROL 1.2,Automatic,"33,155 km",2nd owner,Petrol,MH02-EZ6839,"₹12,258/month",₹6.27 Lakh,On Zero down payment,"Mulund West, Mumbai"
Tata,2022,TIGOR XZ PLUS CNG,TIGOR XZ PLUS CNG,Manual,"18,323 km",2nd owner,CNG,MH46-CE8913,"₹14,663/month",₹7.5 Lakh,On Zero down payment,Seawood
Maruti,2014,Swift Dzire ZDI,Swift Dzire ZDI,Manual,"113,423 km",2nd owner,Diesel,MH12-KY4406,"₹13,694/month",₹5.2 Lakh,On Zero down payment,"Mulund West, Mumbai"
Hyundai,2012,i10 SPORTZ 1.2,i10 SPORTZ 1.2,Manual,"65,054 km",3rd owner,Petrol,MH03-BE8865,"₹6,809/month",₹2.05 Lakh,On Zero down payment,"Mulund West, Mumbai"
Tata,2023,TIGOR XZA PLUS PETROL,TIGOR XZA PLUS PETROL,Automatic,"8,683 km",1st owner,Petrol,MH47-BK4125,"₹13,900/month",₹7.11 Lakh,On Zero down payment,"Mulund West, Mumbai"
Volkswagen,2016,Ameo HIGHLINE1.2L,Ameo HIGHLINE1.2L,Manual,"10,117 km",2nd owner,Petrol,MH01-CP4081,"₹8,915/month",₹4.56 Lakh,On Zero down payment,"Mulund West, Mumbai"
Maruti,2021,Celerio ZXI (O),Celerio ZXI (O),Manual,"22,897 km",1st owner,Petrol,MH06-CD9192,"₹10,088/month",₹5.16 Lakh,On Zero down payment,Seawood
Maruti,2022,S PRESSO VXI+,S PRESSO VXI+,Manual,"10,815 km",1st owner,Petrol,MH03-EB0515,"₹9,716/month",₹4.97 Lakh,On Zero down payment,"Goregaon, Mumbai"
Hyundai,2016,Creta SX PLUS AT 1.6 PETROL,Creta SX PLUS AT 1.6 PETROL,Automatic,"57,440 km",3rd owner,Petrol,MH01-CH5969,"₹15,582/month",₹7.97 Lakh,On Zero down payment,"Goregaon, Mumbai"
Renault,2019,TRIBER RXE MT,TRIBER RXE MT,Manual,"5,733 km",2nd owner,Petrol,MH02-FJ1432,"₹10,049/month",₹5.14 Lakh,On Zero down payment,"Goregaon, Mumbai"
Ford,2018,Ecosport TREND 1.5L DIESEL,Ecosport TREND 1.5L DIESEL,Manual,"87,593 km",2nd owner,Diesel,MH43-BK8218,"₹13,451/month",₹6.88 Lakh,On Zero down payment,"Mulund West, Mumbai"
Maruti,2014,Ertiga VXI CNG,Ertiga VXI CNG,Manual,"67,046 km",1st owner,CNG,MH02-DS9305,"₹20,825/month",₹6.27 Lakh,On Zero down payment,"Mulund West, Mumbai"
Hyundai,2018,Creta SX AT 1.6 PETROL,Creta SX AT 1.6 PETROL,Manual,"57,206 km",1st owner,Petrol,MH01-DB6345,"₹20,252/month",₹10.64 Lakh,On Zero down payment,"Goregaon, Mumbai"
Maruti,2017,Swift VXI,Swift VXI,Manual,"47,322 km",1st owner,Petrol,MH05-DH0113,"₹10,107/month",₹5.17 Lakh,On Zero down payment,"Goregaon, Mumbai"
Maruti,2019,New Wagon-R LXI CNG 1.0,New Wagon-R LXI CNG 1.0,Manual,"66,684 km",2nd owner,CNG,MH43-BU0271,"₹9,691/month",₹4.96 Lakh,On Zero down payment,"Goregaon, Mumbai"
Tata,2022,NEXON XZ PLUS PETROL,NEXON XZ PLUS PETROL,Manual,"18,598 km",1st owner,Petrol,MH16-CY4574,"₹17,841/month",₹9.37 Lakh,On Zero down payment,"Mulund West, Mumbai"
Maruti,2013,Swift Dzire ZDI,Swift Dzire ZDI,Manual,"120,050 km",1st owner,Diesel,MH01-BG6796,"₹15,179/month",₹4.57 Lakh,On Zero down payment,"Mulund West, Mumbai"
Honda,2015,City 1.5L I-VTEC VX,City 1.5L I-VTEC VX,Manual,"75,533 km",1st owner,Petrol,MH02-DZ4140,"₹10,948/month",₹5.6 Lakh,On Zero down payment,"Goregaon, Mumbai"
Tata,2019,NEXON XZA PLUS DIESEL,NEXON XZA PLUS DIESEL,Automatic,"99,105 km",2nd owner,Diesel,MH04-JV4655,"₹15,779/month",₹8.29 Lakh,On Zero down payment,"Goregaon, Mumbai"
Maruti,2021,New Wagon-R LXI CNG 1.0,New Wagon-R LXI CNG 1.0,Manual,"23,233 km",1st owner,CNG,MH03-DU6610,"₹11,613/month",₹5.94 Lakh,On Zero down payment,"Mulund West, Mumbai"
Hyundai,2018,Grand i10 MAGNA 1.2 KAPPA VTVT,Grand i10 MAGNA 1.2 KAPPA VTVT,Manual,"38,780 km",1st owner,Petrol,MH47-AB8089,"₹9,202/month",₹4.71 Lakh,On Zero down payment,"Mulund West, Mumbai"
Maruti,2022,New Wagon-R ZXI 1.2,New Wagon-R ZXI 1.2,Manual,"20,987 km",1st owner,Petrol,MH05-FB3370,"₹12,199/month",₹6.24 Lakh,On Zero down payment,Seawood
Toyota,2019,Glanza G CVT,Glanza G CVT,Automatic,"16,870 km",2nd owner,Petrol,MH47-AN8175,"₹13,275/month",₹6.79 Lakh,On Zero down payment,Seawood
Hyundai,2016,Creta SX PLUS AT 1.6 PETROL,Creta SX PLUS AT 1.6 PETROL,Automatic,"73,228 km",1st owner,Petrol,MH02-EK3669,"₹15,265/month",₹8.02 Lakh,On Zero down payment,"Mulund West, Mumbai"
Maruti,2022,BREZZA ZXI SMART HYBRID DUAL TONE,BREZZA ZXI SMART HYBRID DUAL TONE,Manual,"11,537 km",1st owner,Petrol,MH04-LH1304,"₹22,194/month",₹11.66 Lakh,On Zero down payment,"Mulund West, Mumbai"
Honda,2019,Jazz 1.2L I-VTEC VX CVT,Jazz 1.2L I-VTEC VX CVT,Automatic,"46,371 km",1st owner,Petrol,MH01-DK8145,"₹13,451/month",₹6.88 Lakh,On Zero down payment,"Goregaon, Mumbai"
Hyundai,2016,Creta S 1.6 PETROL,Creta S 1.6 PETROL,Manual,"45,568 km",1st owner,Petrol,MH02-EE8135,"₹13,626/month",₹6.97 Lakh,On Zero down payment,"Goregaon, Mumbai"
Maruti,2017,Baleno ALPHA CVT PETROL 1.2,Baleno ALPHA CVT PETROL 1.2,Automatic,"46,651 km",2nd owner,Petrol,MH03-CS0894,"₹10,498/month",₹5.37 Lakh,On Zero down payment,"Mulund West, Mumbai"
Maruti,2017,IGNIS DELTA 1.2 AMT,IGNIS DELTA 1.2 AMT,Automatic,"48,719 km",2nd owner,Petrol,MH01-CP7337,"₹8,974/month",₹4.59 Lakh,On Zero down payment,"Goregaon, Mumbai"
Hyundai,2013,i10 MAGNA 1.1,i10 MAGNA 1.1,Manual,"34,862 km",2nd owner,Petrol,MH02-CV9601,"₹6,373/month",₹2.42 Lakh,On Zero down payment,"Goregaon, Mumbai"
Honda,2017,City 1.5L I-VTE V CVT,City 1.5L I-VTE V CVT,Automatic,"99,738 km",1st owner,Petrol,MH46-BA7525,"₹13,802/month",₹7.06 Lakh,On Zero down payment,"Mulund West, Mumbai"
Hyundai,2016,Creta SX PLUS AT 1.6 DIESEL,Creta SX PLUS AT 1.6 DIESEL,Automatic,"70,630 km",2nd owner,Diesel,MH04-HM1217,"₹16,388/month",₹8.61 Lakh,On Zero down payment,"Mulund West, Mumbai"
Hyundai,2017,Grand i10 ASTA 1.2 KAPPA VTVT,Grand i10 ASTA 1.2 KAPPA VTVT,Manual,"44,823 km",1st owner,Petrol,MH03-CM9836,"₹9,032/month",₹4.62 Lakh,On Zero down payment,"Goregaon, Mumbai"
Hyundai,2016,Elite i20 SPORTZ 1.2,Elite i20 SPORTZ 1.2,Manual,"73,601 km",2nd owner,Petrol,MH47-Q3579,"₹8,895/month",₹4.55 Lakh,On Zero down payment,"Mulund West, Mumbai"
Hyundai,2014,i10 SPORTZ 1.1,i10 SPORTZ 1.1,Manual,"21,258 km",1st owner,Petrol,MH05-CH3253,"₹7,185/month",₹3.23 Lakh,On Zero down payment,"Mulund West, Mumbai"
Maruti,2014,Swift VXI,Swift VXI,Manual,"70,860 km",2nd owner,Petrol,MH02-DN9388,"₹7,986/month",₹3.59 Lakh,On Zero down payment,"Mulund West, Mumbai"
Hyundai,2011,i20 SPORTZ 1.2,i20 SPORTZ 1.2,Manual,"122,248 km",1st owner,Petrol,MH03-AZ5373,"₹11,298/month",₹2.4 Lakh,On Zero down payment,"Mulund West, Mumbai"
Mahindra,2021,XUV300 W6 1.5 DIESEL AMT,XUV300 W6 1.5 DIESEL AMT,Automatic,"38,524 km",1st owner,Diesel,MH47-AY1705,"₹17,664/month",₹9.28 Lakh,On Zero down payment,"Goregaon, Mumbai"
Maruti,2017,Wagon R 1.0 LXI CNG,Wagon R 1.0 LXI CNG,Manual,"62,850 km",3rd owner,CNG,MH05-DH1011,"₹7,351/month",₹3.76 Lakh,On Zero down payment,"Goregaon, Mumbai"
Toyota,2011,Etios Liva G,Etios Liva G,Manual,"75,420 km",1st owner,Petrol,MH05-AX3915,"₹13,086/month",₹2.78 Lakh,On Zero down payment,"Goregaon, Mumbai"
Maruti,2013,Wagon R Stingray VXI,Wagon R Stingray VXI,Manual,"35,954 km",1st owner,Petrol,MH04-GJ2263,"₹8,361/month",₹3.17 Lakh,On Zero down payment,"Goregaon, Mumbai"
Tata,2020,ALTROZ XZ PETROL,ALTROZ XZ PETROL,Manual,"27,102 km",1st owner,Petrol,MH47-AU5357,"₹13,978/month",₹7.15 Lakh,On Zero down payment,"Mulund West, Mumbai"
Hyundai,2016,Elite i20 SPORTZ 1.2,Elite i20 SPORTZ 1.2,Manual,"52,544 km",3rd owner,Petrol,MH04-HU1206,"₹8,555/month",₹4.38 Lakh,On Zero down payment,"Goregaon, Mumbai"
Maruti,2019,S PRESSO VXI+,S PRESSO VXI+,Manual,"8,458 km",1st owner,Petrol,MH46-BQ3206,"₹8,524/month",₹4.36 Lakh,On Zero down payment,"Goregaon, Mumbai"
Maruti,2016,Ertiga VDI SHVS,Ertiga VDI SHVS,Manual,"83,215 km",1st owner,Diesel,MH04-HF9335,"₹13,767/month",₹7.04 Lakh,On Zero down payment,"Mulund West, Mumbai"
Maruti,2021,New Wagon-R LXI CNG (O) 1.0,New Wagon-R LXI CNG (O) 1.0,Manual,"50,418 km",1st owner,CNG,MH12-TD9581,"₹11,828/month",₹6.05 Lakh,On Zero down payment,"Goregaon, Mumbai"
Renault,2019,TRIBER RXZ,TRIBER RXZ,Manual,"56,210 km",1st owner,Petrol,MH43-BU0716,"₹12,512/month",₹6.4 Lakh,On Zero down payment,Seawood
Maruti,2017,IGNIS DELTA 1.2,IGNIS DELTA 1.2,Manual,"56,219 km",2nd owner,CNG,MH12-PH6801,"₹8,602/month",₹4.4 Lakh,On Zero down payment,"Goregaon, Mumbai"
Maruti,2022,New Wagon-R LXI 1.0,New Wagon-R LXI 1.0,Manual,"31,378 km",1st owner,Petrol,MH48-CC6624,"₹11,261/month",₹5.76 Lakh,On Zero down payment,"Mulund West, Mumbai"
Hyundai,2018,Creta SX AT 1.6 PETROL,Creta SX AT 1.6 PETROL,Automatic,"50,441 km",1st owner,Petrol,MH48-BH0006,"₹20,176/month",₹10.6 Lakh,On Zero down payment,"Goregaon, Mumbai"
Mahindra,2021,XUV300 W6 1.2 PETROL AMT,XUV300 W6 1.2 PETROL AMT,Automatic,"17,985 km",1st owner,Petrol,MH03-DU9494,"₹17,074/month",₹8.97 Lakh,On Zero down payment,"Mulund West, Mumbai"
Tata,2019,NEXON XZA PLUS DIESEL,NEXON XZA PLUS DIESEL,Automatic,"51,506 km",2nd owner,Diesel,MH04-KD4586,"₹16,445/month",₹8.64 Lakh,On Zero down payment,"Goregaon, Mumbai"
Hyundai,2017,Creta SX PLUS AT 1.6 PETROL,Creta SX PLUS AT 1.6 PETROL,Automatic,"90,305 km",1st owner,Petrol,MH46-BA5115,"₹16,350/month",₹8.59 Lakh,On Zero down payment,"Goregaon, Mumbai"
Toyota,2017,Corolla Altis VL CVT PETROL,Corolla Altis VL CVT PETROL,Automatic,"61,520 km",1st owner,Petrol,MH47-AB1659,"₹20,195/month",₹10.61 Lakh,On Zero down payment,"Mulund West, Mumbai"
Hyundai,2018,Grand i10 MAGNA 1.2 KAPPA VTVT,Grand i10 MAGNA 1.2 KAPPA VTVT,Manual,"45,213 km",1st owner,Petrol,MH05-DS4309,"₹9,228/month",₹4.72 Lakh,On Zero down payment,"Mulund West, Mumbai"
Maruti,2017,Celerio VXI CNG,Celerio VXI CNG,Manual,"49,606 km",1st owner,CNG,MH05-DH0982,"₹8,387/month",₹4.29 Lakh,On Zero down payment,Seawood
Skoda,2018,Rapid STYLE 1.5 TDI AT,Rapid STYLE 1.5 TDI AT,Automatic,"119,830 km",1st owner,Diesel,MH47-AG9110,"₹15,800/month",₹7.1 Lakh,On Zero down payment,"Mulund West, Mumbai"
Honda,2017,Jazz 1.2L I-VTEC SV,Jazz 1.2L I-VTEC SV,Manual,"25,602 km",2nd owner,Petrol,MH03-CS5463,"₹9,228/month",₹4.72 Lakh,On Zero down payment,"Goregaon, Mumbai"
Hyundai,2022,GRAND I10 NIOS ASTA AMT 1.2 KAPPA VTVT,GRAND I10 NIOS ASTA AMT 1.2 KAPPA VTVT,Automatic,"16,539 km",1st owner,Petrol,MH01-DX8764,"₹15,406/month",₹7.88 Lakh,On Zero down payment,"Goregaon, Mumbai"
Hyundai,2011,i10 SPORTZ 1.2,i10 SPORTZ 1.2,Manual,"30,375 km",3rd owner,Petrol,MH03-AZ4909,"₹10,497/month",₹2.23 Lakh,On Zero down payment,"Goregaon, Mumbai"
Maruti,2023,BREZZA ZXI SMART HYBRID,BREZZA ZXI SMART HYBRID,Manual,"10,117 km",1st owner,Petrol,MH47-BK5276,"₹23,907/month",₹12.56 Lakh,On Zero down payment,"Goregaon, Mumbai"
Skoda,2013,Rapid ACTIVE 1.6 MPI MT PLUS,Rapid ACTIVE 1.6 MPI MT PLUS,Manual,"90,993 km",1st owner,Petrol,MH02-DG8274,"₹9,533/month",₹3.62 Lakh,On Zero down payment,"Mulund West, Mumbai"
Maruti,2012,Wagon R 1.0 VXI,Wagon R 1.0 VXI,Manual,"43,569 km",2nd owner,Petrol,MH02-CL4274,"₹8,281/month",₹2.49 Lakh,On Zero down payment,Seawood
Volkswagen,2012,Vento HIGHLINE 1.6 MPI,Vento HIGHLINE 1.6 MPI,Manual,"93,393 km",1st owner,Petrol,MH01-BG2582,"₹10,595/month",₹3.19 Lakh,On Zero down payment,"Mulund West, Mumbai"
Hyundai,2019,Creta SX 1.6 PETROL,Creta SX 1.6 PETROL,Manual,"70,430 km",2nd owner,Petrol,MH03-DG2416,"₹16,674/month",₹8.76 Lakh,On Zero down payment,"Goregaon, Mumbai"
Tata,2019,NEXON XZA PLUS PETROL,NEXON XZA PLUS PETROL,Automatic,"61,806 km",1st owner,Petrol,MH47-AN2319,"₹15,425/month",₹7.89 Lakh,On Zero down payment,"Mulund West, Mumbai"
Honda,2018,WR-V 1.2L I-VTEC VX MT,WR-V 1.2L I-VTEC VX MT,Manual,"45,344 km",1st owner,Petrol,MH47-AG7888,"₹12,375/month",₹6.33 Lakh,On Zero down payment,Seawood
Hyundai,2017,Grand i10 SPORTZ (O) AT 1.2 KAPPA VTVT,Grand i10 SPORTZ (O) AT 1.2 KAPPA VTVT,Automatic,"40,049 km",2nd owner,Petrol,MH04-JB2917,"₹10,147/month",₹5.19 Lakh,On Zero down payment,"Goregaon, Mumbai"
Tata,2019,NEXON XZA PLUS PETROL,NEXON XZA PLUS PETROL,Automatic,"18,707 km",1st owner,Petrol,MH01-DE5189,"₹16,202/month",₹8.51 Lakh,On Zero down payment,"Goregaon, Mumbai"
Maruti,2020,S PRESSO VXI CNG,S PRESSO VXI CNG,Manual,"66,992 km",1st owner,CNG,MH04-KL4761,"₹8,250/month",₹4.22 Lakh,On Zero down payment,"Mulund West, Mumbai"
Hyundai,2013,i10 SPORTZ 1.2,i10 SPORTZ 1.2,Manual,"72,416 km",1st owner,Petrol,MH02-CW6568,"₹7,373/month",₹2.8 Lakh,On Zero down payment,"Goregaon, Mumbai"
Honda,2015,City 1.5L I-VTEC SV,City 1.5L I-VTEC SV,Manual,"41,887 km",2nd owner,Petrol,MH05-CH4903,"₹10,068/month",₹5.15 Lakh,On Zero down payment,"Goregaon, Mumbai"
Hyundai,2014,Xcent S 1.2,Xcent S 1.2,Manual,"42,400 km",1st owner,Petrol,MH41-V5956,"₹9,076/month",₹4.08 Lakh,On Zero down payment,Seawood
Hyundai,2018,Grand i10 SPORTZ 1.2 KAPPA VTVT,Grand i10 SPORTZ 1.2 KAPPA VTVT,Manual,"32,331 km",1st owner,Petrol,MH01-DE2414,"₹9,795/month",₹5.01 Lakh,On Zero down payment,"Goregaon, Mumbai"
Maruti,2021,New Wagon-R LXI CNG 1.0,New Wagon-R LXI CNG 1.0,Manual,"30,981 km",1st owner,CNG,MH05-EJ9858,"₹11,887/month",₹6.08 Lakh,On Zero down payment,"Mulund West, Mumbai"
Hyundai,2015,i10 MAGNA 1.1,i10 MAGNA 1.1,Manual,"55,760 km",2nd owner,Petrol,MH02-DW3371,"₹6,172/month",₹3.16 Lakh,On Zero down payment,Seawood
Maruti,2019,IGNIS ALPHA 1.2,IGNIS ALPHA 1.2,Manual,"22,343 km",2nd owner,Petrol,MH01-DE9245,"₹10,577/month",₹5.41 Lakh,On Zero down payment,"Goregaon, Mumbai"
Hyundai,2017,Creta E PLUS 1.6 PETROL,Creta E PLUS 1.6 PETROL,Manual,"101,128 km",2nd owner,Petrol,MH01-CP8949,"₹15,905/month",₹7.15 Lakh,On Zero down payment,"Mulund West, Mumbai"
Tata,2018,NEXON XZA PLUS DIESEL DUAL TONE,NEXON XZA PLUS DIESEL DUAL TONE,Automatic,"104,792 km",1st owner,Diesel,MH48-AW9583,"₹15,794/month",₹7.1 Lakh,On Zero down payment,"Mulund West, Mumbai"
Maruti,2022,New Wagon-R ZXI 1.2,New Wagon-R ZXI 1.2,Manual,"4,466 km",1st owner,Petrol,MH47-BB6241,"₹12,821/month",₹6.56 Lakh,On Zero down payment,"Goregaon, Mumbai"
Volkswagen,2018,Vento HIGHLINE PLUS 1.5 AT 16 ALLOY,Vento HIGHLINE PLUS 1.5 AT 16 ALLOY,Automatic,"70,205 km",2nd owner,Diesel,MH02-EZ6562,"₹15,303/month",₹8.04 Lakh,On Zero down payment,"Goregaon, Mumbai"
Maruti,2017,Wagon R 1.0 VXI AMT,Wagon R 1.0 VXI AMT,Automatic,"78,285 km",1st owner,Petrol,MH47-Q6548,"₹7,622/month",₹3.9 Lakh,On Zero down payment,"Goregaon, Mumbai"
Honda,2015,Jazz 1.2L I-VTEC V AT,Jazz 1.2L I-VTEC V AT,Automatic,"63,245 km",1st owner,Petrol,MH04-GZ5404,"₹9,697/month",₹4.96 Lakh,On Zero down payment,"Mulund West, Mumbai"
Jeep,2018,Compass LONGITUDE 2.0 DIESEL,Compass LONGITUDE 2.0 DIESEL,Manual,"44,734 km",2nd owner,Diesel,MH02-EU2730,"₹21,185/month",₹11.13 Lakh,On Zero down payment,"Mulund West, Mumbai"
Maruti,2015,Wagon R 1.0 LXI CNG,Wagon R 1.0 LXI CNG,Manual,"64,970 km",1st owner,CNG,MH12-MB5538,"₹9,428/month",₹3.58 Lakh,On Zero down payment,Seawood
Volkswagen,2016,Ameo HIGHLINE1.2L,Ameo HIGHLINE1.2L,Manual,"35,143 km",1st owner,Petrol,MH04-HU1583,"₹10,029/month",₹5.13 Lakh,On Zero down payment,"Goregaon, Mumbai"
Tata,2022,TIGOR XZ PLUS CNG,TIGOR XZ PLUS CNG,Manual,"5,837 km",1st owner,CNG,MH05-FB2647,"₹15,760/month",₹8.28 Lakh,On Zero down payment,"Goregaon, Mumbai"
Jeep,2019,Compass LIMITED PLUS PETROL AT,Compass LIMITED PLUS PETROL AT,Automatic,"36,921 km",1st owner,Petrol,MH03-DG5007,"₹28,589/month",₹15.02 Lakh,On Zero down payment,"Goregaon, Mumbai"
Hyundai,2017,Creta E PLUS 1.6 PETROL,Creta E PLUS 1.6 PETROL,Manual,"75,175 km",1st owner,Petrol,MH04-HX5696,"₹14,897/month",₹7.62 Lakh,On Zero down payment,"Mulund West, Mumbai"
Hyundai,2017,Grand i10 SPORTZ (O) AT 1.2 KAPPA VTVT,Grand i10 SPORTZ (O) AT 1.2 KAPPA VTVT,Automatic,"25,723 km",1st owner,Petrol,MH47-W8580,"₹10,948/month",₹5.6 Lakh,On Zero down payment,"Mulund West, Mumbai"
Mahindra,2019,XUV300 W8 1.5 DIESEL,XUV300 W8 1.5 DIESEL,Manual,"51,938 km",1st owner,Diesel,MH02-FE2491,"₹16,826/month",₹8.84 Lakh,On Zero down payment,"Mulund West, Mumbai"
Toyota,2019,Glanza G CVT,Glanza G CVT,Automatic,"21,695 km",1st owner,Petrol,MH47-AN6082,"₹14,233/month",₹7.28 Lakh,On Zero down payment,Seawood
Jeep,2018,Compass LIMITED (O) 1.4 PETROL AT,Compass LIMITED (O) 1.4 PETROL AT,Automatic,"82,809 km",1st owner,Petrol,MH02-EZ2906,"₹21,128/month",₹11.1 Lakh,On Zero down payment,"Goregaon, Mumbai"
Hyundai,2019,NEW SANTRO SPORTZ CNG,NEW SANTRO SPORTZ CNG,Manual,"70,159 km",1st owner,CNG,MH04-KD0281,"₹9,795/month",₹5.01 Lakh,On Zero down payment,Seawood
Maruti,2019,Ciaz ALPHA AT 1.5 SHVS PETROL,Ciaz ALPHA AT 1.5 SHVS PETROL,Automatic,"66,269 km",2nd owner,Petrol,MH05-EA1393,"₹13,881/month",₹7.1 Lakh,On Zero down payment,"Goregaon, Mumbai"
Hyundai,2019,NEW SANTRO SPORTZ CNG,NEW SANTRO SPORTZ CNG,Manual,"73,820 km",1st owner,CNG,MH05-DS9073,"₹10,010/month",₹5.12 Lakh,On Zero down payment,"Mulund West, Mumbai"
Tata,2021,TIGOR XZA PLUS PETROL,TIGOR XZA PLUS PETROL,Automatic,"39,046 km",1st owner,Petrol,MH04-KR4691,"₹13,763/month",₹7.04 Lakh,On Zero down payment,"Goregaon, Mumbai"
Mahindra,2022,XUV300 W6 1.5 DIESEL AMT,XUV300 W6 1.5 DIESEL AMT,Automatic,"11,461 km",1st owner,Diesel,MH05-FB3619,"₹21,242/month",₹11.16 Lakh,On Zero down payment,"Mulund West, Mumbai"
Maruti,2014,Celerio VXI AMT,Celerio VXI AMT,Automatic,"76,296 km",1st owner,Petrol,MH04-GJ7034,"₹7,207/month",₹3.24 Lakh,On Zero down payment,"Mulund West, Mumbai"
Maruti,2022,New Wagon-R LXI CNG 1.0,New Wagon-R LXI CNG 1.0,Manual,"33,292 km",1st owner,CNG,MH47-BB9573,"₹12,493/month",₹6.39 Lakh,On Zero down payment,"Goregaon, Mumbai"
Maruti,2020,Ciaz ALPHA AT 1.5 SHVS PETROL,Ciaz ALPHA AT 1.5 SHVS PETROL,Automatic,"31,021 km",1st owner,Petrol,MH47-BF4533,"₹17,150/month",₹9.01 Lakh,On Zero down payment,"Mulund West, Mumbai"
Maruti,2021,Ciaz DELTA AT 1.5 SHVS PETROL,Ciaz DELTA AT 1.5 SHVS PETROL,Automatic,"29,291 km",1st owner,Petrol,MH04-KR5936,"₹17,188/month",₹9.03 Lakh,On Zero down payment,Seawood
Toyota,2020,Glanza V CVT,Glanza V CVT,Automatic,"56,916 km",1st owner,Petrol,MH47-AN8831,"₹14,213/month",₹7.27 Lakh,On Zero down payment,"Goregaon, Mumbai"
MG,2019,HECTOR SHARP 1.5 DCT PETROL,HECTOR SHARP 1.5 DCT PETROL,Automatic,"45,878 km",1st owner,Petrol,MH01-DK7299,"₹27,466/month",₹14.43 Lakh,On Zero down payment,Seawood
Hyundai,2017,Grand i10 MAGNA 1.2 KAPPA VTVT,Grand i10 MAGNA 1.2 KAPPA VTVT,Manual,"41,051 km",1st owner,Petrol,MH47-W3186,"₹8,387/month",₹4.29 Lakh,On Zero down payment,"Goregaon, Mumbai"
Maruti,2019,New Wagon-R VXI 1.2,New Wagon-R VXI 1.2,Manual,"37,678 km",1st owner,Petrol,MH47-AN3125,"₹9,599/month",₹4.91 Lakh,On Zero down payment,"Mulund West, Mumbai"
Maruti,2019,Ciaz DELTA AT 1.5 SHVS PETROL,Ciaz DELTA AT 1.5 SHVS PETROL,Automatic,"54,408 km",2nd owner,Petrol,MH47-AG8212,"₹13,587/month",₹6.95 Lakh,On Zero down payment,"Mulund West, Mumbai"
Maruti,2012,Swift Dzire ZXI,Swift Dzire ZXI,Manual,"60,719 km",1st owner,Petrol,MH01-BF4257,"₹12,190/month",₹3.67 Lakh,On Zero down payment,Seawood
Maruti,2015,Wagon R 1.0 LXI CNG,Wagon R 1.0 LXI CNG,Manual,"81,560 km",1st owner,CNG,MH02-DZ0149,"₹9,270/month",₹3.52 Lakh,On Zero down payment,Seawood
Maruti,2021,Ciaz ALPHA AT 1.5 SHVS PETROL,Ciaz ALPHA AT 1.5 SHVS PETROL,Automatic,"33,706 km",1st owner,Petrol,MH03-DK9751,"₹18,768/month",₹9.86 Lakh,On Zero down payment,"Goregaon, Mumbai"
Nissan,2013,Micra XV CVT,Micra XV CVT,Automatic,"36,761 km",1st owner,Petrol,MH02-CZ8562,"₹9,401/month",₹3.57 Lakh,On Zero down payment,"Goregaon, Mumbai"
Maruti,2019,S PRESSO VXI+,S PRESSO VXI+,Manual,"4,296 km",1st owner,Petrol,MH46-BQ4733,"₹8,680/month",₹4.44 Lakh,On Zero down payment,"Mulund West, Mumbai"
Hyundai,2014,Grand i10 ASTA 1.2 KAPPA VTVT,Grand i10 ASTA 1.2 KAPPA VTVT,Manual,"35,272 km",1st owner,Petrol,MH01-BU6737,"₹9,031/month",₹4.06 Lakh,On Zero down payment,"Goregaon, Mumbai"
Maruti,2020,S PRESSO VXI CNG,S PRESSO VXI CNG,Manual,"26,321 km",1st owner,CNG,MH05-EJ1359,"₹8,954/month",₹4.58 Lakh,On Zero down payment,"Goregaon, Mumbai"
Hyundai,2012,i10 SPORTZ 1.2,i10 SPORTZ 1.2,Manual,"118,765 km",1st owner,Petrol,MH05-BL2011,"₹8,204/month",₹2.47 Lakh,On Zero down payment,"Mulund West, Mumbai"
Toyota,2019,Glanza V CVT,Glanza V CVT,Automatic,"15,816 km",1st owner,Petrol,MH47-AN4945,"₹15,503/month",₹7.93 Lakh,On Zero down payment,"Goregaon, Mumbai"
Hyundai,2017,Grand i10 SPORTZ 1.2 KAPPA VTVT,Grand i10 SPORTZ 1.2 KAPPA VTVT,Manual,"21,635 km",1st owner,Petrol,MH43-BK1841,"₹9,247/month",₹4.73 Lakh,On Zero down payment,"Goregaon, Mumbai"
Jeep,2018,Compass LIMITED (O) 1.4 PETROL AT,Compass LIMITED (O) 1.4 PETROL AT,Automatic,"38,696 km",2nd owner,Petrol,MH03-DA0504,"₹25,068/month",₹13.17 Lakh,On Zero down payment,"Goregaon, Mumbai"
Maruti,2020,S PRESSO VXI PLUS AMT,S PRESSO VXI PLUS AMT,Automatic,"34,771 km",1st owner,Petrol,MH47-AU4208,"₹8,778/month",₹4.49 Lakh,On Zero down payment,"Mulund West, Mumbai"
Maruti,2014,Wagon R 1.0 LXI CNG,Wagon R 1.0 LXI CNG,Manual,"83,278 km",1st owner,CNG,MH02-DJ9285,"₹10,810/month",₹3.25 Lakh,On Zero down payment,"Mulund West, Mumbai"
Honda,2019,WR-V 1.2L I-VTEC VX MT,WR-V 1.2L I-VTEC VX MT,Manual,"70,985 km",1st owner,Petrol,MH47-AG9733,"₹13,333/month",₹6.82 Lakh,On Zero down payment,"Mulund West, Mumbai"
Toyota,2018,Corolla Altis VL CVT PETROL,Corolla Altis VL CVT PETROL,Automatic,"77,581 km",2nd owner,Petrol,MH01-DB3533,"₹19,529/month",₹10.26 Lakh,On Zero down payment,"Mulund West, Mumbai"
Maruti,2020,Ciaz ALPHA AT 1.5 SHVS PETROL,Ciaz ALPHA AT 1.5 SHVS PETROL,Automatic,"23,697 km",1st owner,Petrol,MH02-FJ3525,"₹17,416/month",₹9.15 Lakh,On Zero down payment,"Goregaon, Mumbai"
Skoda,2013,Rapid AMBITION 1.6 TDI CR MT PLUS,Rapid AMBITION 1.6 TDI CR MT PLUS,Manual,"81,468 km",1st owner,Diesel,MH02-DG1746,"₹14,681/month",₹4.42 Lakh,On Zero down payment,"Mulund West, Mumbai"
Maruti,2021,Ciaz DELTA AT 1.5 SHVS PETROL,Ciaz DELTA AT 1.5 SHVS PETROL,Automatic,"16,992 km",1st owner,Petrol,MH04-KR3239,"₹18,425/month",₹9.68 Lakh,On Zero down payment,Seawood
Maruti,2015,Wagon R 1.0 LXI CNG,Wagon R 1.0 LXI CNG,Manual,"58,961 km",1st owner,CNG,MH05-CM2848,"₹9,796/month",₹3.72 Lakh,On Zero down payment,"Mulund West, Mumbai"
Hyundai,2020,GRAND I10 NIOS ASTA AMT 1.2 KAPPA VTVT,GRAND I10 NIOS ASTA AMT 1.2 KAPPA VTVT,Automatic,"11,665 km",1st owner,Petrol,MH01-DP2693,"₹14,213/month",₹7.27 Lakh,On Zero down payment,"Mulund West, Mumbai"
Mahindra,2021,XUV300 W8 (O) 1.2 PETROL AMT,XUV300 W8 (O) 1.2 PETROL AMT,Automatic,"41,278 km",1st owner,Petrol,MH03-DU1760,"₹20,957/month",₹11.01 Lakh,On Zero down payment,"Mulund West, Mumbai"
Mahindra,2022,XUV300 W8 (O) 1.2 PETROL AMT,XUV300 W8 (O) 1.2 PETROL AMT,Automatic,"20,405 km",1st owner,Petrol,MH04-KW9073,"₹21,915/month",₹11.51 Lakh,On Zero down payment,"Goregaon, Mumbai"
Hyundai,2018,Grand i10 SPORTZ 1.2 KAPPA VTVT,Grand i10 SPORTZ 1.2 KAPPA VTVT,Manual,"20,257 km",2nd owner,Petrol,MH43-BN3791,"₹10,088/month",₹5.16 Lakh,On Zero down payment,"Mulund West, Mumbai"
Maruti,2014,Alto 800 LXI,Alto 800 LXI,Manual,"40,797 km",1st owner,Petrol,MH02-DS6160,"₹5,116/month",₹2.3 Lakh,On Zero down payment,"Goregaon, Mumbai"
Hyundai,2016,Creta SX PLUS 1.6 PETROL,Creta SX PLUS 1.6 PETROL,Manual,"69,147 km",1st owner,Petrol,MH01-CH6341,"₹13,998/month",₹7.16 Lakh,On Zero down payment,"Goregaon, Mumbai"
Maruti,2021,New Wagon-R LXI CNG 1.0,New Wagon-R LXI CNG 1.0,Manual,"13,032 km",1st owner,CNG,MH05-EQ3470,"₹12,297/month",₹6.29 Lakh,On Zero down payment,"Mulund West, Mumbai"
KIA,2022,SELTOS HTK PLUS 1.5 IMT,SELTOS HTK PLUS 1.5 IMT,Manual,"15,485 km",2nd owner,Petrol,MH02-FR4672,"₹22,041/month",₹11.58 Lakh,On Zero down payment,"Mulund West, Mumbai"
Tata,2019,Harrier XM 2.0L KRYOTEC,Harrier XM 2.0L KRYOTEC,Manual,"44,103 km",2nd owner,Diesel,MH05-EA5695,"₹20,290/month",₹10.66 Lakh,On Zero down payment,"Mulund West, Mumbai"
Maruti,2015,Wagon R 1.0 LXI CNG,Wagon R 1.0 LXI CNG,Manual,"11,847 km",1st owner,CNG,MH03-BS9856,"₹8,901/month",₹3.38 Lakh,On Zero down payment,"Goregaon, Mumbai"
KIA,2020,SONET GTX PLUS 1.0 IMT,SONET GTX PLUS 1.0 IMT,Manual,"48,448 km",1st owner,Petrol,MH47-AU4591,"₹18,520/month",₹9.73 Lakh,On Zero down payment,"Mulund West, Mumbai"
MG,2021,HECTOR SHARP 1.5 DCT PETROL,HECTOR SHARP 1.5 DCT PETROL,Automatic,"20,465 km",1st owner,Petrol,MH47-AY6976,"₹28,037/month",₹14.73 Lakh,On Zero down payment,"Goregaon, Mumbai"
Jeep,2017,Compass LIMITED (O) 2.0 DIESEL,Compass LIMITED (O) 2.0 DIESEL,Manual,"99,924 km",1st owner,Diesel,MH04-HX8985,"₹19,091/month",₹10.03 Lakh,On Zero down payment,"Mulund West, Mumbai"
Tata,2019,Harrier XZ 2.0L DUAL TONE,Harrier XZ 2.0L DUAL TONE,Manual,"32,810 km",1st owner,Diesel,MH12-RT7549,"₹26,702/month",₹14.03 Lakh,On Zero down payment,"Goregaon, Mumbai"
Hyundai,2020,AURA SX PLUS 1.2 AMT CRDI,AURA SX PLUS 1.2 AMT CRDI,Manual,"58,033 km",2nd owner,Diesel,MH05-EA8831,"₹13,372/month",₹6.84 Lakh,On Zero down payment,"Goregaon, Mumbai"
Maruti,2015,Celerio VXI AMT,Celerio VXI AMT,Automatic,"73,014 km",2nd owner,Petrol,MH02-DW5830,"₹6,530/month",₹3.34 Lakh,On Zero down payment,"Goregaon, Mumbai"
Volkswagen,2017,Ameo HIGHLINE1.2L PLUS 16 ALLOY,Ameo HIGHLINE1.2L PLUS 16 ALLOY,Manual,"47,924 km",1st owner,Petrol,MH01-DB1182,"₹8,915/month",₹4.56 Lakh,On Zero down payment,Seawood
Maruti,2016,Baleno DELTA CVT PETROL 1.2,Baleno DELTA CVT PETROL 1.2,Automatic,"33,929 km",1st owner,Petrol,MH01-CD8464,"₹10,498/month",₹5.37 Lakh,On Zero down payment,"Mulund West, Mumbai"
Honda,2015,Jazz 1.2L I-VTEC V AT,Jazz 1.2L I-VTEC V AT,Automatic,"12,854 km",1st owner,Petrol,MH01-CD3249,"₹9,462/month",₹4.84 Lakh,On Zero down payment,"Mulund West, Mumbai"
Maruti,2023,Dzire ZXI Plus AMT,Dzire ZXI Plus AMT,Automatic,"12,473 km",1st owner,Petrol,MH02-FY1811,"₹16,084/month",₹8.45 Lakh,On Zero down payment,"Goregaon, Mumbai"
Maruti,2019,S Cross ZETA 1.3,S Cross ZETA 1.3,Manual,"60,610 km",1st owner,Diesel,MH03-DG7572,"₹15,307/month",₹8.04 Lakh,On Zero down payment,"Goregaon, Mumbai"
Hyundai,2014,Grand i10 SPORTZ 1.2 KAPPA VTVT,Grand i10 SPORTZ 1.2 KAPPA VTVT,Manual,"56,392 km",1st owner,Petrol,MH02-DN2418,"₹7,674/month",₹3.45 Lakh,On Zero down payment,"Mulund West, Mumbai"
Honda,2017,WR-V 1.2L I-VTEC VX MT,WR-V 1.2L I-VTEC VX MT,Manual,"23,037 km",1st owner,Petrol,MH02-EP7252,"₹12,356/month",₹6.32 Lakh,On Zero down payment,"Mulund West, Mumbai"
Maruti,2016,Baleno DELTA CVT PETROL 1.2,Baleno DELTA CVT PETROL 1.2,Automatic,"48,814 km",1st owner,Petrol,MH02-EK1912,"₹9,853/month",₹5.04 Lakh,On Zero down payment,"Goregaon, Mumbai"
Maruti,2018,Baleno ZETA CVT PETROL 1.2,Baleno ZETA CVT PETROL 1.2,Automatic,"29,002 km",2nd owner,Petrol,MH02-EZ5374,"₹11,065/month",₹5.66 Lakh,On Zero down payment,"Mulund West, Mumbai"
Maruti,2020,New Wagon-R ZXI 1.2 AMT,New Wagon-R ZXI 1.2 AMT,Automatic,"24,495 km",1st owner,Petrol,MH02-FJ3914,"₹10,733/month",₹5.49 Lakh,On Zero down payment,Seawood
Maruti,2012,Swift VXI,Swift VXI,Manual,"15,045 km",1st owner,Petrol,MH03-BE4271,"₹11,226/month",₹3.38 Lakh,On Zero down payment,"Mulund West, Mumbai"
Maruti,2015,Baleno ZETA DIESEL 1.3,Baleno ZETA DIESEL 1.3,Manual,"56,687 km",1st owner,Diesel,MH04-GZ9727,"₹13,169/month",₹5.92 Lakh,On Zero down payment,"Mulund West, Mumbai"
Volkswagen,2015,Polo HIGHLINE1.2L,Polo HIGHLINE1.2L,Manual,"25,818 km",3rd owner,Petrol,MH01-BY1910,"₹7,019/month",₹3.59 Lakh,On Zero down payment,"Mulund West, Mumbai"
Honda,2015,Jazz 1.2L I-VTEC V,Jazz 1.2L I-VTEC V,Manual,"89,508 km",1st owner,Petrol,MH43-AT5477,"₹8,055/month",₹4.12 Lakh,On Zero down payment,"Goregaon, Mumbai"
Renault,2020,Kwid RXT 1.0 (O),Kwid RXT 1.0 (O),Manual,"46,581 km",1st owner,Petrol,MH47-AU3928,"₹8,583/month",₹4.39 Lakh,On Zero down payment,"Goregaon, Mumbai"
Honda,2014,Brio VX AT,Brio VX AT,Automatic,"69,196 km",2nd owner,Petrol,MH03-BS4158,"₹7,808/month",₹3.51 Lakh,On Zero down payment,"Goregaon, Mumbai"
Hyundai,2016,Creta BASE 1.6 PETROL,Creta BASE 1.6 PETROL,Manual,"53,853 km",1st owner,Petrol,MH03-CB4217,"₹13,196/month",₹6.75 Lakh,On Zero down payment,"Goregaon, Mumbai"
Maruti,2017,Celerio VXI CNG,Celerio VXI CNG,Manual,"79,682 km",1st owner,CNG,MH46-BA6336,"₹8,270/month",₹4.23 Lakh,On Zero down payment,"Goregaon, Mumbai"
Honda,2011,City 1.5L I-VTEC V AT,City 1.5L I-VTEC V AT,Automatic,"65,393 km",2nd owner,Petrol,MH02-CD2141,"₹12,992/month",₹2.76 Lakh,On Zero down payment,"Mulund West, Mumbai"
Hyundai,2014,Grand i10 ASTA AT 1.2 KAPPA VTVT,Grand i10 ASTA AT 1.2 KAPPA VTVT,Automatic,"59,799 km",2nd owner,Petrol,MH02-DJ9891,"₹7,875/month",₹3.54 Lakh,On Zero down payment,"Mulund West, Mumbai"
Honda,2013,Brio S MT,Brio S MT,Manual,"49,834 km",1st owner,Petrol,MH02-CW6729,"₹7,373/month",₹2.8 Lakh,On Zero down payment,"Goregaon, Mumbai"
Volkswagen,2016,Polo GT TSI AT,Polo GT TSI AT,Automatic,"15,450 km",2nd owner,Petrol,MH01-CH3482,"₹11,887/month",₹6.08 Lakh,On Zero down payment,"Mulund West, Mumbai"
Maruti,2018,Swift VDI AMT,Swift VDI AMT,Automatic,"69,332 km",1st owner,Diesel,MH43-BN8216,"₹12,297/month",₹6.29 Lakh,On Zero down payment,"Mulund West, Mumbai"
Volkswagen,2015,Polo GT TSI AT,Polo GT TSI AT,Automatic,"54,590 km",1st owner,Petrol,MH02-DW9309,"₹11,105/month",₹5.68 Lakh,On Zero down payment,Seawood
Tata,2020,NEXON XM SUNROOF PETROL,NEXON XM SUNROOF PETROL,Manual,"27,627 km",1st owner,Petrol,MH04-KL5969,"₹15,093/month",₹7.72 Lakh,On Zero down payment,"Goregaon, Mumbai"
Ford,2018,Ecosport TITANIUM 1.5L PETROL,Ecosport TITANIUM 1.5L PETROL,Manual,"34,481 km",2nd owner,Petrol,MH05-DS1018,"₹11,222/month",₹5.74 Lakh,On Zero down payment,"Goregaon, Mumbai"
Maruti,2021,New Wagon-R LXI CNG (O) 1.0,New Wagon-R LXI CNG (O) 1.0,Manual,"39,613 km",1st owner,CNG,MH43-BY9261,"₹12,180/month",₹6.23 Lakh,On Zero down payment,Seawood
Hyundai,2013,i20 SPORTZ 1.2,i20 SPORTZ 1.2,Manual,"79,768 km",1st owner,Petrol,MH03-BJ5792,"₹8,163/month",₹3.1 Lakh,On Zero down payment,"Mulund West, Mumbai"
Hyundai,2013,i10 SPORTZ 1.2 AT,i10 SPORTZ 1.2 AT,Automatic,"28,452 km",1st owner,Petrol,MH01-BG4717,"₹8,479/month",₹3.22 Lakh,On Zero down payment,"Mulund West, Mumbai"
Hyundai,2016,Creta S 1.6 PETROL,Creta S 1.6 PETROL,Manual,"92,165 km",1st owner,Petrol,MH02-EE9272,"₹13,451/month",₹6.88 Lakh,On Zero down payment,"Goregaon, Mumbai"
Honda,2019,Amaze 1.2L I-VTEC VX,Amaze 1.2L I-VTEC VX,Manual,"57,072 km",1st owner,Petrol,MH02-FE8337,"₹11,144/month",₹5.7 Lakh,On Zero down payment,Seawood
Hyundai,2014,Elite i20 SPORTZ 1.4 CRDI,Elite i20 SPORTZ 1.4 CRDI,Manual,"55,660 km",1st owner,Diesel,MH02-DN7785,"₹13,246/month",₹5.03 Lakh,On Zero down payment,"Goregaon, Mumbai"
Hyundai,2018,i20 Active 1.2 SX,i20 Active 1.2 SX,Manual,"78,963 km",1st owner,Petrol,MH02-EU8435,"₹11,046/month",₹5.65 Lakh,On Zero down payment,"Goregaon, Mumbai"
Renault,2015,Kwid RXL,Kwid RXL,Manual,"16,816 km",2nd owner,Petrol,MH02-DZ7980,"₹4,438/month",₹2.27 Lakh,On Zero down payment,Seawood
Hyundai,2018,Grand i10 ASTA 1.2 KAPPA VTVT,Grand i10 ASTA 1.2 KAPPA VTVT,Manual,"16,777 km",1st owner,Petrol,MH04-JM0388,"₹9,943/month",₹5.09 Lakh,On Zero down payment,"Mulund West, Mumbai"
Maruti,2022,XL6 ZETA MT,XL6 ZETA MT,Manual,"9,626 km",1st owner,Petrol,MH48-CC6497,"₹19,872/month",₹10.44 Lakh,On Zero down payment,"Mulund West, Mumbai"
Maruti,2023,Swift VXI,Swift VXI,Manual,"9,424 km",1st owner,Petrol,MH46-CH8335,"₹13,816/month",₹7.07 Lakh,On Zero down payment,"Goregaon, Mumbai"
Volkswagen,2013,Polo HIGHLINE1.2L,Polo HIGHLINE1.2L,Manual,"34,416 km",1st owner,Petrol,MH01-BK5332,"₹10,007/month",₹3.8 Lakh,On Zero down payment,Seawood
Hyundai,2019,Elite i20 ASTA 1.2 CVT,Elite i20 ASTA 1.2 CVT,Automatic,"25,590 km",2nd owner,Petrol,MH02-FE0827,"₹12,086/month",₹6.18 Lakh,On Zero down payment,"Mulund West, Mumbai"
Honda,2015,Brio VX MT,Brio VX MT,Manual,"14,489 km",2nd owner,Petrol,MH01-CD5422,"₹6,960/month",₹3.56 Lakh,On Zero down payment,Seawood
Maruti,2016,Vitara Brezza ZDI PLUS,Vitara Brezza ZDI PLUS,Manual,"85,156 km",2nd owner,Diesel,MH04-HL0083,"₹12,805/month",₹6.55 Lakh,On Zero down payment,"Mulund West, Mumbai"
Maruti,2015,Celerio VXI,Celerio VXI,Manual,"51,010 km",1st owner,Petrol,MH47-A9365,"₹5,924/month",₹3.03 Lakh,On Zero down payment,"Mulund West, Mumbai"
Maruti,2013,Alto 800 LXI CNG,Alto 800 LXI CNG,Manual,"92,492 km",2nd owner,CNG,MH02-CZ5255,"₹8,662/month",₹1.84 Lakh,On Zero down payment,Seawood
Maruti,2018,Dzire VXI AMT,Dzire VXI AMT,Automatic,"24,209 km",1st owner,Petrol,MH01-DB0136,"₹11,261/month",₹5.76 Lakh,On Zero down payment,"Goregaon, Mumbai"
Mahindra,2018,TUV300 T6 PLUS,TUV300 T6 PLUS,Manual,"79,816 km",1st owner,Diesel,MH03-DA1850,"₹12,669/month",₹6.48 Lakh,On Zero down payment,"Goregaon, Mumbai"
Hyundai,2015,i20 Active 1.2 SX,i20 Active 1.2 SX,Manual,"70,716 km",1st owner,Petrol,MH04-GZ5595,"₹8,719/month",₹4.46 Lakh,On Zero down payment,"Mulund West, Mumbai"
Tata,2017,NEXON XZ PLUS PETROL,NEXON XZ PLUS PETROL,Manual,"37,976 km",1st owner,Petrol,MH02-EU0750,"₹13,079/month",₹6.69 Lakh,On Zero down payment,"Goregaon, Mumbai"
Maruti,2017,Baleno RS 1.0 PETROL,Baleno RS 1.0 PETROL,Manual,"87,788 km",1st owner,Petrol,MH05-DH3180,"₹9,501/month",₹4.86 Lakh,On Zero down payment,"Mulund West, Mumbai"
Hyundai,2017,New Elantra 1.6 SX AT O,New Elantra 1.6 SX AT O,Manual,"47,713 km",1st owner,Diesel,MH08-V6111,"₹22,632/month",₹11.89 Lakh,On Zero down payment,"Goregaon, Mumbai"
Hyundai,2021,Creta SX (O) 1.4 TURBO DCT,Creta SX (O) 1.4 TURBO DCT,Automatic,"47,162 km",2nd owner,Petrol,MH47-AY8383,"₹27,466/month",₹14.43 Lakh,On Zero down payment,"Goregaon, Mumbai"
Toyota,2014,Etios Liva G,Etios Liva G,Manual,"23,674 km",1st owner,Petrol,MH01-BK6682,"₹7,407/month",₹3.33 Lakh,On Zero down payment,Seawood
Maruti,2017,Baleno ZETA DIESEL 1.3,Baleno ZETA DIESEL 1.3,Manual,"34,450 km",1st owner,Diesel,MH47-W8549,"₹11,409/month",₹5.84 Lakh,On Zero down payment,"Goregaon, Mumbai"
Maruti,2018,Wagon R 1.0 VXI AMT,Wagon R 1.0 VXI AMT,Manual,"34,473 km",2nd owner,Petrol,MH02-EZ1446,"₹7,312/month",₹3.74 Lakh,On Zero down payment,"Goregaon, Mumbai"
Maruti,2016,Ertiga VXI CNG,Ertiga VXI CNG,Manual,"63,006 km",1st owner,CNG,MH02-EE4541,"₹16,065/month",₹7.22 Lakh,On Zero down payment,"Goregaon, Mumbai"
Tata,2022,PUNCH ACCOMPLISHED AMT,PUNCH ACCOMPLISHED AMT,Automatic,"8,225 km",1st owner,Petrol,MH48-CC7194,"₹14,057/month",₹7.19 Lakh,On Zero down payment,"Goregaon, Mumbai"
Hyundai,2018,Elite i20 ASTA 1.4 CRDI (O),Elite i20 ASTA 1.4 CRDI (O),Manual,"75,355 km",2nd owner,Diesel,MH03-DA5405,"₹13,451/month",₹6.88 Lakh,On Zero down payment,Seawood
Hyundai,2019,Elite i20 MAGNA PLUS 1.2,Elite i20 MAGNA PLUS 1.2,Manual,"25,475 km",1st owner,Petrol,MH02-FE0014,"₹10,850/month",₹5.55 Lakh,On Zero down payment,"Mulund West, Mumbai"
Hyundai,2016,Elite i20 SPORTZ 1.2,Elite i20 SPORTZ 1.2,Manual,"16,301 km",1st owner,Petrol,MH02-EK4009,"₹10,498/month",₹5.37 Lakh,On Zero down payment,"Goregaon, Mumbai"
Honda,2016,City 1.5L I-VTEC VX CVT,City 1.5L I-VTEC VX CVT,Automatic,"92,419 km",2nd owner,Petrol,MH01-CD8914,"₹11,398/month",₹5.83 Lakh,On Zero down payment,"Goregaon, Mumbai"
Hyundai,2019,Grand i10 SPORTZ 1.2 KAPPA VTVT,Grand i10 SPORTZ 1.2 KAPPA VTVT,Manual,"20,385 km",1st owner,Petrol,MH05-EA6289,"₹9,357/month",₹4.79 Lakh,On Zero down payment,Seawood
Hyundai,2013,i20 MAGNA (O) 1.2,i20 MAGNA (O) 1.2,Manual,"96,691 km",1st owner,Petrol,MH04-GE1248,"₹7,876/month",₹2.99 Lakh,On Zero down payment,"Goregaon, Mumbai"
Renault,2021,TRIBER RXZ AMT DUAL TONE,TRIBER RXZ AMT DUAL TONE,Automatic,"17,903 km",2nd owner,Petrol,MH14-JR3157,"₹12,962/month",₹6.63 Lakh,On Zero down payment,"Goregaon, Mumbai"
Hyundai,2014,Elite i20 SPORTZ 1.2,Elite i20 SPORTZ 1.2,Manual,"44,599 km",3rd owner,Petrol,MH02-DS4595,"₹8,742/month",₹3.93 Lakh,On Zero down payment,"Goregaon, Mumbai"
Maruti,2019,New Wagon-R LXI CNG 1.0,New Wagon-R LXI CNG 1.0,Manual,"34,544 km",1st owner,CNG,MH05-EA0706,"₹10,010/month",₹5.12 Lakh,On Zero down payment,"Mulund West, Mumbai"
Maruti,2018,Celerio VXI CNG,Celerio VXI CNG,Manual,"71,263 km",1st owner,CNG,MH05-DS6915,"₹8,192/month",₹4.19 Lakh,On Zero down payment,"Mulund West, Mumbai"
Honda,2019,City 1.5L I-VTEC VX CVT,City 1.5L I-VTEC VX CVT,Automatic,"39,198 km",2nd owner,Petrol,MH47-AG6878,"₹15,627/month",₹8.21 Lakh,On Zero down payment,"Goregaon, Mumbai"
Maruti,2017,Baleno ALPHA PETROL 1.2,Baleno ALPHA PETROL 1.2,Manual,"22,580 km",1st owner,Petrol,MH47-W4935,"₹10,655/month",₹5.45 Lakh,On Zero down payment,"Goregaon, Mumbai"
Hyundai,2016,Xcent S 1.2,Xcent S 1.2,Manual,"42,302 km",3rd owner,Petrol,MH01-CD7972,"₹7,116/month",₹3.64 Lakh,On Zero down payment,"Mulund West, Mumbai"
Renault,2022,TRIBER RXT AMT,TRIBER RXT AMT,Automatic,"4,506 km",1st owner,Petrol,MH04-LB1758,"₹13,411/month",₹6.86 Lakh,On Zero down payment,"Goregaon, Mumbai"
Honda,2012,Brio S MT,Brio S MT,Manual,"31,562 km",1st owner,Petrol,MH03-BH2197,"₹8,403/month",₹2.53 Lakh,On Zero down payment,Seawood
Hyundai,2019,VENUE SX PLUS 1.0 TURBO DCT,VENUE SX PLUS 1.0 TURBO DCT,Automatic,"113,432 km",1st owner,Petrol,MH01-DK7772,"₹17,611/month",₹8.1 Lakh,On Zero down payment,"Goregaon, Mumbai"
Ford,2015,Ecosport TITANIUM 1.5L PETROL AT,Ecosport TITANIUM 1.5L PETROL AT,Manual,"43,157 km",1st owner,Petrol,MH01-BY9222,"₹10,010/month",₹5.12 Lakh,On Zero down payment,"Goregaon, Mumbai"
Maruti,2016,Swift Dzire VXI,Swift Dzire VXI,Manual,"49,757 km",2nd owner,Petrol,MH02-EE8843,"₹8,837/month",₹4.52 Lakh,On Zero down payment,"Mulund West, Mumbai"
Honda,2020,City 1.5L I-VTEC VX CVT,City 1.5L I-VTEC VX CVT,Manual,"26,253 km",1st owner,Petrol,MH43-BU2718,"₹19,814/month",₹10.41 Lakh,On Zero down payment,"Goregaon, Mumbai"
Maruti,2013,Wagon R 1.0 VXI,Wagon R 1.0 VXI,Manual,"28,109 km",1st owner,Petrol,MH04-GE0012,"₹7,215/month",₹2.74 Lakh,On Zero down payment,"Mulund West, Mumbai"
Honda,2015,City 1.5L I-VTEC VX,City 1.5L I-VTEC VX,Manual,"61,150 km",1st owner,Petrol,MH02-DW9509,"₹10,498/month",₹5.37 Lakh,On Zero down payment,Seawood
Maruti,2016,Ertiga VDI SHVS,Ertiga VDI SHVS,Manual,"56,645 km",1st owner,Diesel,MH43-AW2418,"₹14,643/month",₹7.49 Lakh,On Zero down payment,"Mulund West, Mumbai"
Hyundai,2016,Elite i20 SPORTZ 1.2,Elite i20 SPORTZ 1.2,Manual,"53,377 km",1st owner,Petrol,MH02-EE5148,"₹9,990/month",₹5.11 Lakh,On Zero down payment,"Goregaon, Mumbai"
Hyundai,2013,i10 SPORTZ 1.2,i10 SPORTZ 1.2,Manual,"37,955 km",1st owner,Petrol,MH43-AN4332,"₹7,531/month",₹2.86 Lakh,On Zero down payment,"Goregaon, Mumbai"
Hyundai,2015,Grand i10 ASTA (O) 1.2 KAPPA VTVT,Grand i10 ASTA (O) 1.2 KAPPA VTVT,Manual,"27,741 km",1st owner,Petrol,MH01-BY5572,"₹8,465/month",₹4.33 Lakh,On Zero down payment,"Mulund West, Mumbai"
Maruti,2021,New Wagon-R LXI CNG 1.0,New Wagon-R LXI CNG 1.0,Manual,"19,622 km",1st owner,CNG,MH47-AY1942,"₹12,297/month",₹6.29 Lakh,On Zero down payment,Seawood
Tata,2022,Tiago XZA PLUS PETROL,Tiago XZA PLUS PETROL,Automatic,"5,579 km",1st owner,Petrol,MH04-LH2392,"₹13,666/month",₹6.99 Lakh,On Zero down payment,"Mulund West, Mumbai"
Maruti,2021,S PRESSO VXI+,S PRESSO VXI+,Manual,"11,271 km",1st owner,Petrol,MH02-FN8531,"₹8,856/month",₹4.53 Lakh,On Zero down payment,Seawood
Hyundai,2017,Elite i20 ASTA 1.2 (O),Elite i20 ASTA 1.2 (O),Manual,"71,639 km",1st owner,Petrol,MH03-CM8030,"₹10,498/month",₹5.37 Lakh,On Zero down payment,Seawood
Hyundai,2021,Creta SX (O) IVT 1.5 PETROL,Creta SX (O) IVT 1.5 PETROL,Automatic,"20,982 km",1st owner,Petrol,MH02-FN1150,"₹30,013/month",₹15.77 Lakh,On Zero down payment,"Goregaon, Mumbai"
Maruti,2015,Swift Dzire ZXI,Swift Dzire ZXI,Manual,"63,998 km",1st owner,Petrol,MH03-BW6453,"₹9,169/month",₹4.69 Lakh,On Zero down payment,"Mulund West, Mumbai"
Maruti,2017,Ciaz ZDI+ SHVS,Ciaz ZDI+ SHVS,Manual,"61,662 km",2nd owner,Diesel,MH47-W0702,"₹11,574/month",₹5.92 Lakh,On Zero down payment,"Mulund West, Mumbai"
Tata,2022,Harrier XZA PLUS 2.0L DARK EDITION,Harrier XZA PLUS 2.0L DARK EDITION,Automatic,"30,117 km",1st owner,Diesel,MH04-LB2208,"₹37,535/month",₹19.72 Lakh,On Zero down payment,"Mulund West, Mumbai"
Ford,2019,Ecosport TITANIUM 1.0L ECOBOOST SPORTS(SUNROOF),Ecosport TITANIUM 1.0L ECOBOOST SPORTS(SUNROOF),Manual,"30,599 km",2nd owner,Petrol,MH43-BN4348,"₹15,308/month",₹7.83 Lakh,On Zero down payment,"Mulund West, Mumbai"
Ford,2019,Ecosport TITANIUM + 1.5L PETROL AT,Ecosport TITANIUM + 1.5L PETROL AT,Automatic,"65,065 km",1st owner,Petrol,MH04-JV8302,"₹14,311/month",₹7.32 Lakh,On Zero down payment,"Mulund West, Mumbai"
Maruti,2014,Celerio VXI AMT,Celerio VXI AMT,Automatic,"25,428 km",1st owner,Petrol,MH02-DN8398,"₹7,741/month",₹3.48 Lakh,On Zero down payment,"Mulund West, Mumbai"
Maruti,2015,Ertiga ZDI,Ertiga ZDI,Manual,"74,602 km",1st owner,Diesel,MH02-DW5985,"₹16,394/month",₹7.37 Lakh,On Zero down payment,Seawood
Maruti,2015,Wagon R 1.0 LXI CNG,Wagon R 1.0 LXI CNG,Manual,"47,540 km",1st owner,CNG,MH04-GZ5417,"₹9,691/month",₹3.68 Lakh,On Zero down payment,"Goregaon, Mumbai"
